Workbook
Name Slicer_____PARETO_SKU_2025: #N/A
Name Slicer_____PARETO_SKU_FEB_2026: #N/A
Name Slicer_____PARETO_SKU_JAN_2026: #N/A
Name Slicer_AVG_FY_24: #N/A
Name Slicer_AVG_FY_25: #N/A
Name Slicer_CUST_GROUP: #N/A
Name Slicer_CUSTNAME_DIST: #N/A
Name Slicer_CUSTNO_DIST: #N/A
Name Slicer_FY_25_VS_FY_24: #N/A
Name Slicer_GROWTH__BY_GROUP_FEB_26: #N/A
Name Slicer_GROWTH__BY_GROUP_JAN_26: #N/A
Name Slicer_GROWTH_FEB_26: #N/A
Name Slicer_GROWTH_FY_25_BY_GROUP: #N/A
Name Slicer_GROWTH_JAN_26: #N/A
Name Slicer_PARETO_SKU_2025: #N/A
Name Slicer_PARETO_SKU_FEB_2026: #N/A
Name Slicer_PARETO_SKU_JAN_2026: #N/A
Name Slicer_RANK_2024: #N/A
Name Slicer_RANK_2025: #N/A
Name Slicer_RANK_2026: #N/A
Name Slicer_TOTAL_FY_2025: #N/A

Sheet DASHBOARD_BR
BI3: RANK 2026 | BJ3: AVG JAN - FEB 2026 | BK3: BUSINESS CONTRIBUTION | BL3: CUSTOMER GROUP NAME | BM3: RANK 2025 | BN3: RANK 2024 | BO3: GROWTH 2025 VS 2024
BI4: 1 | BJ4: 2.7589088e+08 | BK4: 0.20235051 | BL4: KL-TOP 100 | BM4: 1 | BN4: 1 | BO4: 0.20819267
BI5: 2 | BJ5: 1.6451369e+08 | BK5: 0.18687585 | BL5: KA-INDOGROSIR | BM5: 2 | BN5: 2 | BO5: 0.36424418
BI6: 3 | BJ6: 1.5693349e+08 | BK6: 0.14706044 | BL6: KA-ALFAMART | BM6: 3 | BN6: 3 | BO6: 0.12395796
BI7: 4 | BJ7: 1.0158939e+08 | BK7: 0.10859673 | BL7: KL-VICTORIA | BM7: 4 | BN7: 4 | BO7: 0.14615526
BI8: 7 | BJ8: 76259232 | BK8: 0.081049446 | BL8: KL-GOGO | BM8: 5 | BN8: 5 | BO8: 0.31105347
BI9: 5 | BJ9: 85808280 | BK9: 0.055582796 | BL9: KL-JODOH | BM9: 6 | BN9: 6 | BO9: 0.049144122
BI10: 6 | BJ10: 83359604 | BK10: 0.049481329 | BL10: KL-STAR | BM10: 7 | BN10: 8 | BO10: 0.12954458
BI11: 8 | BJ11: 56037630 | BK11: 0.045949262 | BL11: KL-INDAH | BM11: 8 | BN11: 7 | BO11: 0.03542864
BI12: 10 | BJ12: 30317484 | BK12: 0.029951481 | BL12: KL-GROS | BM12: 9 | BN12: 9 | BO12: 0.35823922
BI13: 11 | BJ13: 24784367 | BK13: 0.024058226 | BL13: KA-DIAMOND | BM13: 10 | BN13: 10 | BO13: 0.19230579
BI14: 9 | BJ14: 32263140 | BK14: 0.017646573 | BL14: KL-HALIMAH | BM14: 11 | BN14: 11 | BO14: 0.24817061
BI15: 12 | BJ15: 17408829 | BK15: 0.013256721 | BL15: KL-LOVE | BM15: 12 | BN15: 12 | BO15: 0.21189024
... BI22: 18 | BJ22: 735135.24 | BK22: 0.00024098768 | BL22: KA-INDOMARET | BM22: 19 | BN22: 19 | BO22: 1

Sheet SUMMARY MT 2026
C1: BY OUTLET NAME
J2: GROWTH
B3: CUST-GROUP | C3: RANK 2026 | D3: CUSTNAME_DIST | E3: CUSTNO_DIST | F3: TOTAL FY 2025 | G3: AVG FY 25 | H3: RANK 2025 | I3: AVG FY 24 | J3: RANK 2024 | K3: FY 25 VS FY 24 | L3: GROWTH FY 25 BY GROUP | M3: GROWTH JAN 26 | N3: GROWTH BY GROUP JAN 26 | O3: GROWTH FEB 26 | P3: GROWTH BY GROUP FEB 26 | Q3: GROWTH MAR 26 | R3: GROWTH BY GROUP MAR 26 | S3: GROWTH APR 26 | T3: GROWTH BY GROUP APR 26 | U3: GROWTH MAY 26 | V3: GROWTH BY GROUP MAY 26 | W3: GROWTH JUN 26 | X3: GROWTH BY GROUP JUN 26 | Y3: GROWTH JUL 26 | Z3: GROWTH BY GROUP JUL 26 | AA3: GROWTH AUG 26 | AB3: GROWTH BY GROUP AUG 26 | AC3: GROWTH SEP 26 | AD3: GROWTH BY GROUP SEP 26 | AE3: GROWTH OCT 26 | AF3: GROWTH BY GROUP OCT 26 | AG3: GROWTH NOV 26 | AH3: GROWTH BY GROUP NOV 26 | AI3: GROWTH DEC 26 | AJ3: GROWTH BY GROUP DEC 26 | AK3: PARETO SKU 2025 | AL3: (-) PARETO SKU 2025 | AM3: PARETO SKU JAN 2026 | AN3: (-) PARETO SKU JAN 2026 | AO3: PARETO SKU FEB 2026 | AP3: (-) PARETO SKU FEB 2026 | AQ3: PARETO SKU MAR 2026 | AR3: (-) PARETO SKU MAR 2026 | AS3: PARETO SKU APR 2026 | AT3: (-) PARETO SKU APR 2026 | AU3: PARETO SKU MAY 2026 | AV3: (-) PARETO SKU MAY 2026 | AW3: PARETO SKU JUN 2026 | AX3: (-) PARETO SKU JUN 2026 | AY3: PARETO SKU JUL 2026 | AZ3: (-) PARETO SKU JUL 2026 | BA3: PARETO SKU AUG 2026 | BB3: (-) PARETO SKU AUG 2026 | BC3: PARETO SKU SEP 2026 | BD3: (-) PARETO SKU SEP 2026 | BE3: PARETO SKU OCT 2026 | BF3: (-) PARETO SKU OCT 2026 | BG3: PARETO SKU NOV 2026 | BH3: (-) PARETO SKU NOV 2026 | BI3: PARETO SKU DEC 2026 | BJ3: (-) PARETO SKU DEC 2026
B4: KA-INDOGROSIR | C4: =RANK(IFERROR(VLOOKUP(Table2[[#This Row],[CUSTNO_DIST]],STM!B:C,2,FALSE),0),STM!$C$5:$C$65,0) -> 1 | D4: PT.INTI CAKRAWALA CITRA | E4: MTA00101-10100021 | F4: 3.2192001e+09 | G4: 2.6826667e+08 | H4: =RANK(G4,$G$4:$G$64,0) -> 1 | I4: 1.9664124e+08 | J4: =RANK(I4,$I$4:$I$64,0) -> 1 | K4: =IFERROR(G4/I4-1," ") -> 0.36424418 | L4: =IFERROR(VLOOKUP(Table2[[#This Row],[CUST-GROUP]],$E$70:$K$88,7,FALSE),0) -> 0.36424418 | M4: =IFERROR(VLOOKUP(E4,STM!G:K,4,FALSE),0)/G4-1 -> -0.08181651 | N4: =IFERROR(VLOOKUP('SUMMARY MT 2026'!$B4,$E$70:$M$88,8,FALSE),0) -> -0.08181651 | O4: =IFERROR(VLOOKUP(E4,STM!G:K,5,FALSE),0)/G4-1 -> -0.69168978 | P4: =IFERROR(VLOOKUP('SUMMARY MT 2026'!$B4,$E$70:$M$88,9,FALSE),0) -> -0.69168978 | AK4: =IFERROR(VLOOKUP(E4,[1]dashboard_SYAIFUL!$E$4:$AZ$76,47,FALSE),0) -> 0 | AL4: =IFERROR(VLOOKUP(E4,[1]dashboard_SYAIFUL!$E$4:$AZ$76,48,FALSE),0) -> 0 | AM4: =IFERROR(VLOOKUP(E4,[1]dashboard_SYAIFUL!$E$4:$BD$76,49,FALSE),0) -> 0 | AN4: =IFERROR(VLOOKUP(E4,[1]dashboard_SYAIFUL!$E$4:$BD$76,50,FALSE),0) -> 0 | AO4: =IFERROR(VLOOKUP('SUMMARY MT 2026'!$E4,[1]dashboard_SYAIFUL!$E$4:$CP$76,89,FALSE),0) -> 0 | AP4: =IFERROR(VLOOKUP('SUMMARY MT 2026'!$E4,[1]dashboard_SYAIFUL!$E$4:$CP$76,90,FALSE),0) -> 0 | AR4: =35-Table2[[#This Row],[PARETO SKU MAR 2026]] -> 35 | AT4: =35-Table2[[#This Row],[PARETO SKU MAR 2026]] -> 35 | AV4: =35-Table2[[#This Row],[PARETO SKU MAR 2026]] -> 35 | AX4: =35-Table2[[#This Row],[PARETO SKU MAR 2026]] -> 35 | AZ4: =35-Table2[[#This Row],[PARETO SKU MAR 2026]] -> 35 | BB4: =35-Table2[[#This Row],[PARETO SKU MAR 2026]] -> 35 | BD4: =35-Table2[[#This Row],[PARETO SKU MAR 2026]] -> 35 | BF4: =35-Table2[[#This Row],[PARETO SKU MAR 2026]] -> 35 | BH4: =35-Table2[[#This Row],[PARETO SKU MAR 2026]] -> 35 | BJ4: =35-Table2[[#This Row],[PARETO SKU MAR 2026]] -> 35
B5: KA-ALFAMART | C5: =RANK(IFERROR(VLOOKUP(Table2[[#This Row],[CUSTNO_DIST]],STM!B:C,2,FALSE),0),STM!$C$5:$C$65,0) -> 2 | D5: PT.SUMBER ALFARIA TRIJAYA | E5: MTA00101-10100050 | F5: 2.5333233e+09 | G5: 2.1111028e+08 | H5: =RANK(G5,$G$4:$G$64,0) -> 2 | I5: 1.8782756e+08 | J5: =RANK(I5,$I$4:$I$64,0) -> 2 | K5: =IFERROR(G5/I5-1," ") -> 0.12395796 | L5: =IFERROR(VLOOKUP(Table2[[#This Row],[CUST-GROUP]],$E$70:$K$88,7,FALSE),0) -> 0.12395796 | M5: =IFERROR(VLOOKUP(E5,STM!G:K,4,FALSE),0)/G5-1 -> 0.35969226 | N5: =IFERROR(VLOOKUP('SUMMARY MT 2026'!$B5,$E$70:$M$88,8,FALSE),0) -> 0.35969226 | O5: =IFERROR(VLOOKUP(E5,STM!G:K,5,FALSE),0)/G5-1 -> -0.87294807 | P5: =IFERROR(VLOOKUP('SUMMARY MT 2026'!$B5,$E$70:$M$88,9,FALSE),0) -> -0.87294807 | AK5: =IFERROR(VLOOKUP(E5,[1]dashboard_SYAIFUL!$E$4:$AZ$76,47,FALSE),0) -> 0 | AL5: =IFERROR(VLOOKUP(E5,[1]dashboard_SYAIFUL!$E$4:$AZ$76,48,FALSE),0) -> 0 | AM5: =IFERROR(VLOOKUP(E5,[1]dashboard_SYAIFUL!$E$4:$BD$76,49,FALSE),0) -> 0 | AN5: =IFERROR(VLOOKUP(E5,[1]dashboard_SYAIFUL!$E$4:$BD$76,50,FALSE),0) -> 0 | AO5: =IFERROR(VLOOKUP('SUMMARY MT 2026'!$E5,[1]dashboard_SYAIFUL!$E$4:$CP$76,89,FALSE),0) -> 0 | AP5: =IFERROR(VLOOKUP('SUMMARY MT 2026'!$E5,[1]dashboard_SYAIFUL!$E$4:$CP$76,90,FALSE),0) -> 0 | AR5: =35-Table2[[#This Row],[PARETO SKU MAR 2026]] -> 35 | AT5: =35-Table2[[#This Row],[PARETO SKU MAR 2026]] -> 35 | AV5: =35-Table2[[#This Row],[PARETO SKU MAR 2026]] -> 35 | AX5: =35-Table2[[#This Row],[PARETO SKU MAR 2026]] -> 35 | AZ5: =35-Table2[[#This Row],[PARETO SKU MAR 2026]] -> 35 | BB5: =35-Table2[[#This Row],[PARETO SKU MAR 2026]] -> 35 | BD5: =35-Table2[[#This Row],[PARETO SKU MAR 2026]] -> 35 | BF5: =35-Table2[[#This Row],[PARETO SKU MAR 2026]] -> 35 | BH5: =35-Table2[[#This Row],[PARETO SKU MAR 2026]] -> 35 | BJ5: =35-Table2[[#This Row],[PARETO SKU MAR 2026]] -> 35
B6: KL-VICTORIA | C6: =RANK(IFERROR(VLOOKUP(Table2[[#This Row],[CUSTNO_DIST]],STM!B:C,2,FALSE),0),STM!$C$5:$C$65,0) -> 8 | D6: SPM.NEW VICTORIA AVIARI | E6: MTA00101-10100022 | F6: 7.0885269e+08 | G6: 59071058 | H6: =RANK(G6,$G$4:$G$64,0) -> 3 | I6: 54550164 | J6: =RANK(I6,$I$4:$I$64,0) -> 4 | K6: =IFERROR(G6/I6-1," ") -> 0.082875901 | L6: =IFERROR(VLOOKUP(Table2[[#This Row],[CUST-GROUP]],$E$70:$K$88,7,FALSE),0) -> 0.14615526 | M6: =IFERROR(VLOOKUP(E6,STM!G:K,4,FALSE),0)/G6-1 -> 0.095355353 | N6: =IFERROR(VLOOKUP('SUMMARY MT 2026'!$B6,$E$70:$M$88,8,FALSE),0) -> -0.070447779 | O6: =IFERROR(VLOOKUP(E6,STM!G:K,5,FALSE),0)/G6-1 -> -0.80310319 | P6: =IFERROR(VLOOKUP('SUMMARY MT 2026'!$B6,$E$70:$M$88,9,FALSE),0) -> -0.62624123 | AK6: =IFERROR(VLOOKUP(E6,[1]dashboard_SYAIFUL!$E$4:$AZ$76,47,FALSE),0) -> 24 | AL6: =IFERROR(VLOOKUP(E6,[1]dashboard_SYAIFUL!$E$4:$AZ$76,48,FALSE),0) -> 11 | AM6: =IFERROR(VLOOKUP(E6,[1]dashboard_SYAIFUL!$E$4:$BD$76,49,FALSE),0) -> 18 | AN6: =IFERROR(VLOOKUP(E6,[1]dashboard_SYAIFUL!$E$4:$BD$76,50,FALSE),0) -> 17 | AO6: =IFERROR(VLOOKUP('SUMMARY MT 2026'!$E6,[1]dashboard_SYAIFUL!$E$4:$CP$76,89,FALSE),0) -> 12 | AP6: =IFERROR(VLOOKUP('SUMMARY MT 2026'!$E6,[1]dashboard_SYAIFUL!$E$4:$CP$76,90,FALSE),0) -> 23 | AR6: =35-Table2[[#This Row],[PARETO SKU MAR 2026]] -> 35 | AT6: =35-Table2[[#This Row],[PARETO SKU MAR 2026]] -> 35 | AV6: =35-Table2[[#This Row],[PARETO SKU MAR 2026]] -> 35 | AX6: =35-Table2[[#This Row],[PARETO SKU MAR 2026]] -> 35 | AZ6: =35-Table2[[#This Row],[PARETO SKU MAR 2026]] -> 35 | BB6: =35-Table2[[#This Row],[PARETO SKU MAR 2026]] -> 35 | BD6: =35-Table2[[#This Row],[PARETO SKU MAR 2026]] -> 35 | BF6: =35-Table2[[#This Row],[PARETO SKU MAR 2026]] -> 35 | BH6: =35-Table2[[#This Row],[PARETO SKU MAR 2026]] -> 35 | BJ6: =35-Table2[[#This Row],[PARETO SKU MAR 2026]] -> 35
B7: KL-TOP 100 | C7: =RANK(IFERROR(VLOOKUP(Table2[[#This Row],[CUSTNO_DIST]],STM!B:C,2,FALSE),0),STM!$C$5:$C$65,0) -> 4 | D7: PT.TOP SERATUS SEJATI GRAND BATAM MALL | E7: MTA00101-10100047 | F7: 7.0743437e+08 | G7: 58952864 | H7: =RANK(G7,$G$4:$G$64,0) -> 4 | I7: 60925634 | J7: =RANK(I7,$I$4:$I$64,0) -> 3 | K7: =IFERROR(G7/I7-1," ") -> -0.032379961 | L7: =IFERROR(VLOOKUP(Table2[[#This Row],[CUST-GROUP]],$E$70:$K$88,7,FALSE),0) -> 0.20819267 | M7: =IFERROR(VLOOKUP(E7,STM!G:K,4,FALSE),0)/G7-1 -> 0.37385425 | N7: =IFERROR(VLOOKUP('SUMMARY MT 2026'!$B7,$E$70:$M$88,8,FALSE),0) -> 0.23890659 | O7: =IFERROR(VLOOKUP(E7,STM!G:K,5,FALSE),0)/G7-1 -> -0.30512535 | P7: =IFERROR(VLOOKUP('SUMMARY MT 2026'!$B7,$E$70:$M$88,9,FALSE),0) -> -0.339362 | AK7: =IFERROR(VLOOKUP(E7,[1]dashboard_SYAIFUL!$E$4:$AZ$76,47,FALSE),0) -> 23 | AL7: =IFERROR(VLOOKUP(E7,[1]dashboard_SYAIFUL!$E$4:$AZ$76,48,FALSE),0) -> 12 | AM7: =IFERROR(VLOOKUP(E7,[1]dashboard_SYAIFUL!$E$4:$BD$76,49,FALSE),0) -> 20 | AN7: =IFERROR(VLOOKUP(E7,[1]dashboard_SYAIFUL!$E$4:$BD$76,50,FALSE),0) -> 15 | AO7: =IFERROR(VLOOKUP('SUMMARY MT 2026'!$E7,[1]dashboard_SYAIFUL!$E$4:$CP$76,89,FALSE),0) -> 14 | AP7: =IFERROR(VLOOKUP('SUMMARY MT 2026'!$E7,[1]dashboard_SYAIFUL!$E$4:$CP$76,90,FALSE),0) -> 21 | AR7: =35-Table2[[#This Row],[PARETO SKU MAR 2026]] -> 35 | AT7: =35-Table2[[#This Row],[PARETO SKU MAR 2026]] -> 35 | AV7: =35-Table2[[#This Row],[PARETO SKU MAR 2026]] -> 35 | AX7: =35-Table2[[#This Row],[PARETO SKU MAR 2026]] -> 35 | AZ7: =35-Table2[[#This Row],[PARETO SKU MAR 2026]] -> 35 | BB7: =35-Table2[[#This Row],[PARETO SKU MAR 2026]] -> 35 | BD7: =35-Table2[[#This Row],[PARETO SKU MAR 2026]] -> 35 | BF7: =35-Table2[[#This Row],[PARETO SKU MAR 2026]] -> 35 | BH7: =35-Table2[[#This Row],[PARETO SKU MAR 2026]] -> 35 | BJ7: =35-Table2[[#This Row],[PARETO SKU MAR 2026]] -> 35
B8: KL-TOP 100 | C8: =RANK(IFERROR(VLOOKUP(Table2[[#This Row],[CUSTNO_DIST]],STM!B:C,2,FALSE),0),STM!$C$5:$C$65,0) -> 5 | D8: PT.TOP SERATUS SEJATI TEMBESI | E8: MTA00101-10100031 | F8: 6.333572e+08 | G8: 52779766 | H8: =RANK(G8,$G$4:$G$64,0) -> 5 | I8: 37345714 | J8: =RANK(I8,$I$4:$I$64,0) -> 7 | K8: =IFERROR(G8/I8-1," ") -> 0.41327505 | L8: =IFERROR(VLOOKUP(Table2[[#This Row],[CUST-GROUP]],$E$70:$K$88,7,FALSE),0) -> 0.20819267 | M8: =IFERROR(VLOOKUP(E8,STM!G:K,4,FALSE),0)/G8-1 -> 0.160761 | N8: =IFERROR(VLOOKUP('SUMMARY MT 2026'!$B8,$E$70:$M$88,8,FALSE),0) -> 0.23890659 | O8: =IFERROR(VLOOKUP(E8,STM!G:K,5,FALSE),0)/G8-1 -> 0.017499818 | P8: =IFERROR(VLOOKUP('SUMMARY MT 2026'!$B8,$E$70:$M$88,9,FALSE),0) -> -0.339362 | AK8: =IFERROR(VLOOKUP(E8,[1]dashboard_SYAIFUL!$E$4:$AZ$76,47,FALSE),0) -> 31 | AL8: =IFERROR(VLOOKUP(E8,[1]dashboard_SYAIFUL!$E$4:$AZ$76,48,FALSE),0) -> 4 | AM8: =IFERROR(VLOOKUP(E8,[1]dashboard_SYAIFUL!$E$4:$BD$76,49,FALSE),0) -> 17 | AN8: =IFERROR(VLOOKUP(E8,[1]dashboard_SYAIFUL!$E$4:$BD$76,50,FALSE),0) -> 18 | AO8: =IFERROR(VLOOKUP('SUMMARY MT 2026'!$E8,[1]dashboard_SYAIFUL!$E$4:$CP$76,89,FALSE),0) -> 15 | AP8: =IFERROR(VLOOKUP('SUMMARY MT 2026'!$E8,[1]dashboard_SYAIFUL!$E$4:$CP$76,90,FALSE),0) -> 20 | AR8: =35-Table2[[#This Row],[PARETO SKU MAR 2026]] -> 35 | AT8: =35-Table2[[#This Row],[PARETO SKU MAR 2026]] -> 35 | AV8: =35-Table2[[#This Row],[PARETO SKU MAR 2026]] -> 35 | AX8: =35-Table2[[#This Row],[PARETO SKU MAR 2026]] -> 35 | AZ8: =35-Table2[[#This Row],[PARETO SKU MAR 2026]] -> 35 | BB8: =35-Table2[[#This Row],[PARETO SKU MAR 2026]] -> 35 | BD8: =35-Table2[[#This Row],[PARETO SKU MAR 2026]] -> 35 | BF8: =35-Table2[[#This Row],[PARETO SKU MAR 2026]] -> 35 | BH8: =35-Table2[[#This Row],[PARETO SKU MAR 2026]] -> 35 | BJ8: =35-Table2[[#This Row],[PARETO SKU MAR 2026]] -> 35
B9: KL-TOP 100 | C9: =RANK(IFERROR(VLOOKUP(Table2[[#This Row],[CUSTNO_DIST]],STM!B:C,2,FALSE),0),STM!$C$5:$C$65,0) -> 7 | D9: PT.TOP SERATUS SEJATI TANJUNG UNCANG | E9: MTA00101-10100048 | F9: 5.7589415e+08 | G9: 47991179 | H9: =RANK(G9,$G$4:$G$64,0) -> 6 | I9: 44011964 | J9: =RANK(I9,$I$4:$I$64,0) -> 5 | K9: =IFERROR(G9/I9-1," ") -> 0.090412125 | L9: =IFERROR(VLOOKUP(Table2[[#This Row],[CUST-GROUP]],$E$70:$K$88,7,FALSE),0) -> 0.20819267 | M9: =IFERROR(VLOOKUP(E9,STM!G:K,4,FALSE),0)/G9-1 -> 0.20743877 | N9: =IFERROR(VLOOKUP('SUMMARY MT 2026'!$B9,$E$70:$M$88,8,FALSE),0) -> 0.23890659 | O9: =IFERROR(VLOOKUP(E9,STM!G:K,5,FALSE),0)/G9-1 -> -0.2900631 | P9: =IFERROR(VLOOKUP('SUMMARY MT 2026'!$B9,$E$70:$M$88,9,FALSE),0) -> -0.339362 | AK9: =IFERROR(VLOOKUP(E9,[1]dashboard_SYAIFUL!$E$4:$AZ$76,47,FALSE),0) -> 25 | AL9: =IFERROR(VLOOKUP(E9,[1]dashboard_SYAIFUL!$E$4:$AZ$76,48,FALSE),0) -> 10 | AM9: =IFERROR(VLOOKUP(E9,[1]dashboard_SYAIFUL!$E$4:$BD$76,49,FALSE),0) -> 18 | AN9: =IFERROR(VLOOKUP(E9,[1]dashboard_SYAIFUL!$E$4:$BD$76,50,FALSE),0) -> 17 | AO9: =IFERROR(VLOOKUP('SUMMARY MT 2026'!$E9,[1]dashboard_SYAIFUL!$E$4:$CP$76,89,FALSE),0) -> 15 | AP9: =IFERROR(VLOOKUP('SUMMARY MT 2026'!$E9,[1]dashboard_SYAIFUL!$E$4:$CP$76,90,FALSE),0) -> 20 | AR9: =35-Table2[[#This Row],[PARETO SKU MAR 2026]] -> 35 | AT9: =35-Table2[[#This Row],[PARETO SKU MAR 2026]] -> 35 | AV9: =35-Table2[[#This Row],[PARETO SKU MAR 2026]] -> 35 | AX9: =35-Table2[[#This Row],[PARETO SKU MAR 2026]] -> 35 | AZ9: =35-Table2[[#This Row],[PARETO SKU MAR 2026]] -> 35 | BB9: =35-Table2[[#This Row],[PARETO SKU MAR 2026]] -> 35 | BD9: =35-Table2[[#This Row],[PARETO SKU MAR 2026]] -> 35 | BF9: =35-Table2[[#This Row],[PARETO SKU MAR 2026]] -> 35 | BH9: =35-Table2[[#This Row],[PARETO SKU MAR 2026]] -> 35 | BJ9: =35-Table2[[#This Row],[PARETO SKU MAR 2026]] -> 35
B10: KL-JODOH | C10: =RANK(IFERROR(VLOOKUP(Table2[[#This Row],[CUSTNO_DIST]],STM!B:C,2,FALSE),0),STM!$C$5:$C$65,0) -> 3 | D10: PT.JODOH CENTRE BALOI | E10: MTA00101-10100032 | F10: 5.5562462e+08 | G10: 46302052 | H10: =RANK(G10,$G$4:$G$64,0) -> 7 | I10: 40748850 | J10: =RANK(I10,$I$4:$I$64,0) -> 6 | K10: =IFERROR(G10/I10-1," ") -> 0.13627875 | L10: =IFERROR(VLOOKUP(Table2[[#This Row],[CUST-GROUP]],$E$70:$K$88,7,FALSE),0) -> 0.049144122 | M10: =IFERROR(VLOOKUP(E10,STM!G:K,4,FALSE),0)/G10-1 -> 1.3457367 | N10: =IFERROR(VLOOKUP('SUMMARY MT 2026'!$B10,$E$70:$M$88,8,FALSE),0) -> 0.68563098 | O10: =IFERROR(VLOOKUP(E10,STM!G:K,5,FALSE),0)/G10-1 -> -0.61183998 | P10: =IFERROR(VLOOKUP('SUMMARY MT 2026'!$B10,$E$70:$M$88,9,FALSE),0) -> -0.53480503 | AK10: =IFERROR(VLOOKUP(E10,[1]dashboard_SYAIFUL!$E$4:$AZ$76,47,FALSE),0) -> 31 | AL10: =IFERROR(VLOOKUP(E10,[1]dashboard_SYAIFUL!$E$4:$AZ$76,48,FALSE),0) -> 4 | AM10: =IFERROR(VLOOKUP(E10,[1]dashboard_SYAIFUL!$E$4:$BD$76,49,FALSE),0) -> 21 | AN10: =IFERROR(VLOOKUP(E10,[1]dashboard_SYAIFUL!$E$4:$BD$76,50,FALSE),0) -> 14 | AO10: =IFERROR(VLOOKUP('SUMMARY MT 2026'!$E10,[1]dashboard_SYAIFUL!$E$4:$CP$76,89,FALSE),0) -> 12 | AP10: =IFERROR(VLOOKUP('SUMMARY MT 2026'!$E10,[1]dashboard_SYAIFUL!$E$4:$CP$76,90,FALSE),0) -> 23 | AR10: =35-Table2[[#This Row],[PARETO SKU MAR 2026]] -> 35 | AT10: =35-Table2[[#This Row],[PARETO SKU MAR 2026]] -> 35 | AV10: =35-Table2[[#This Row],[PARETO SKU MAR 2026]] -> 35 | AX10: =35-Table2[[#This Row],[PARETO SKU MAR 2026]] -> 35 | AZ10: =35-Table2[[#This Row],[PARETO SKU MAR 2026]] -> 35 | BB10: =35-Table2[[#This Row],[PARETO SKU MAR 2026]] -> 35 | BD10: =35-Table2[[#This Row],[PARETO SKU MAR 2026]] -> 35 | BF10: =35-Table2[[#This Row],[PARETO SKU MAR 2026]] -> 35 | BH10: =35-Table2[[#This Row],[PARETO SKU MAR 2026]] -> 35 | BJ10: =35-Table2[[#This Row],[PARETO SKU MAR 2026]] -> 35
B11: KL-VICTORIA | C11: =RANK(IFERROR(VLOOKUP(Table2[[#This Row],[CUSTNO_DIST]],STM!B:C,2,FALSE),0),STM!$C$5:$C$65,0) -> 9 | D11: MM.VICTORIA FANINDO | E11: MTA00101-10100034 | F11: 5.4986711e+08 | G11: 45822259 | H11: =RANK(G11,$G$4:$G$64,0) -> 8 | I11: 29924627 | J11: =RANK(I11,$I$4:$I$64,0) -> 10 | K11: =IFERROR(G11/I11-1," ") -> 0.53125582 | L11: =IFERROR(VLOOKUP(Table2[[#This Row],[CUST-GROUP]],$E$70:$K$88,7,FALSE),0) -> 0.14615526 | M11: =IFERROR(VLOOKUP(E11,STM!G:K,4,FALSE),0)/G11-1 -> -0.11889075 | N11: =IFERROR(VLOOKUP('SUMMARY MT 2026'!$B11,$E$70:$M$88,8,FALSE),0) -> -0.070447779 | O11: =IFERROR(VLOOKUP(E11,STM!G:K,5,FALSE),0)/G11-1 -> -0.42988851 | P11: =IFERROR(VLOOKUP('SUMMARY MT 2026'!$B11,$E$70:$M$88,9,FALSE),0) -> -0.62624123 | AK11: =IFERROR(VLOOKUP(E11,[1]dashboard_SYAIFUL!$E$4:$AZ$76,47,FALSE),0) -> 26 | AL11: =IFERROR(VLOOKUP(E11,[1]dashboard_SYAIFUL!$E$4:$AZ$76,48,FALSE),0) -> 9 | AM11: =IFERROR(VLOOKUP(E11,[1]dashboard_SYAIFUL!$E$4:$BD$76,49,FALSE),0) -> 15 | AN11: =IFERROR(VLOOKUP(E11,[1]dashboard_SYAIFUL!$E$4:$BD$76,50,FALSE),0) -> 20 | AO11: =IFERROR(VLOOKUP('SUMMARY MT 2026'!$E11,[1]dashboard_SYAIFUL!$E$4:$CP$76,89,FALSE),0) -> 10 | AP11: =IFERROR(VLOOKUP('SUMMARY MT 2026'!$E11,[1]dashboard_SYAIFUL!$E$4:$CP$76,90,FALSE),0) -> 25 | AR11: =35-Table2[[#This Row],[PARETO SKU MAR 2026]] -> 35 | AT11: =35-Table2[[#This Row],[PARETO SKU MAR 2026]] -> 35 | AV11: =35-Table2[[#This Row],[PARETO SKU MAR 2026]] -> 35 | AX11: =35-Table2[[#This Row],[PARETO SKU MAR 2026]] -> 35 | AZ11: =35-Table2[[#This Row],[PARETO SKU MAR 2026]] -> 35 | BB11: =35-Table2[[#This Row],[PARETO SKU MAR 2026]] -> 35 | BD11: =35-Table2[[#This Row],[PARETO SKU MAR 2026]] -> 35 | BF11: =35-Table2[[#This Row],[PARETO SKU MAR 2026]] -> 35 | BH11: =35-Table2[[#This Row],[PARETO SKU MAR 2026]] -> 35 | BJ11: =35-Table2[[#This Row],[PARETO SKU MAR 2026]] -> 35
B12: KL-GOGO | C12: =RANK(IFERROR(VLOOKUP(Table2[[#This Row],[CUSTNO_DIST]],STM!B:C,2,FALSE),0),STM!$C$5:$C$65,0) -> 13 | D12: SUPERMARKET GOGO SERAYA | E12: MTA00101-10100045 | F12: 4.287372e+08 | G12: 35728100 | H12: =RANK(G12,$G$4:$G$64,0) -> 9 | I12: 30554786 | J12: =RANK(I12,$I$4:$I$64,0) -> 9 | K12: =IFERROR(G12/I12-1," ") -> 0.16931274 | L12: =IFERROR(VLOOKUP(Table2[[#This Row],[CUST-GROUP]],$E$70:$K$88,7,FALSE),0) -> 0.31105347 | M12: =IFERROR(VLOOKUP(E12,STM!G:K,4,FALSE),0)/G12-1 -> -0.14045486 | N12: =IFERROR(VLOOKUP('SUMMARY MT 2026'!$B12,$E$70:$M$88,8,FALSE),0) -> -0.202461 | O12: =IFERROR(VLOOKUP(E12,STM!G:K,5,FALSE),0)/G12-1 -> -0.48677445 | P12: =IFERROR(VLOOKUP('SUMMARY MT 2026'!$B12,$E$70:$M$88,9,FALSE),0) -> -0.48667136 | AK12: =IFERROR(VLOOKUP(E12,[1]dashboard_SYAIFUL!$E$4:$AZ$76,47,FALSE),0) -> 31 | AL12: =IFERROR(VLOOKUP(E12,[1]dashboard_SYAIFUL!$E$4:$AZ$76,48,FALSE),0) -> 4 | AM12: =IFERROR(VLOOKUP(E12,[1]dashboard_SYAIFUL!$E$4:$BD$76,49,FALSE),0) -> 17 | AN12: =IFERROR(VLOOKUP(E12,[1]dashboard_SYAIFUL!$E$4:$BD$76,50,FALSE),0) -> 18 | AO12: =IFERROR(VLOOKUP('SUMMARY MT 2026'!$E12,[1]dashboard_SYAIFUL!$E$4:$CP$76,89,FALSE),0) -> 15 | AP12: =IFERROR(VLOOKUP('SUMMARY MT 2026'!$E12,[1]dashboard_SYAIFUL!$E$4:$CP$76,90,FALSE),0) -> 20 | AR12: =35-Table2[[#This Row],[PARETO SKU MAR 2026]] -> 35 | AT12: =35-Table2[[#This Row],[PARETO SKU MAR 2026]] -> 35 | AV12: =35-Table2[[#This Row],[PARETO SKU MAR 2026]] -> 35 | AX12: =35-Table2[[#This Row],[PARETO SKU MAR 2026]] -> 35 | AZ12: =35-Table2[[#This Row],[PARETO SKU MAR 2026]] -> 35 | BB12: =35-Table2[[#This Row],[PARETO SKU MAR 2026]] -> 35 | BD12: =35-Table2[[#This Row],[PARETO SKU MAR 2026]] -> 35 | BF12: =35-Table2[[#This Row],[PARETO SKU MAR 2026]] -> 35 | BH12: =35-Table2[[#This Row],[PARETO SKU MAR 2026]] -> 35 | BJ12: =35-Table2[[#This Row],[PARETO SKU MAR 2026]] -> 35
B13: KA-DIAMOND | C13: =RANK(IFERROR(VLOOKUP(Table2[[#This Row],[CUSTNO_DIST]],STM!B:C,2,FALSE),0),STM!$C$5:$C$65,0) -> 12 | D13: PT.KURNIAPHILEO SELARAS DC MALL | E13: MTA00101-10100026 | F13: 4.1443686e+08 | G13: 34536405 | H13: =RANK(G13,$G$4:$G$64,0) -> 10 | I13: 28966063 | J13: =RANK(I13,$I$4:$I$64,0) -> 11 | K13: =IFERROR(G13/I13-1," ") -> 0.19230579 | L13: =IFERROR(VLOOKUP(Table2[[#This Row],[CUST-GROUP]],$E$70:$K$88,7,FALSE),0) -> 0.19230579 | M13: =IFERROR(VLOOKUP(E13,STM!G:K,4,FALSE),0)/G13-1 -> 0.044488562 | N13: =IFERROR(VLOOKUP('SUMMARY MT 2026'!$B13,$E$70:$M$88,8,FALSE),0) -> 0.044488562 | O13: =IFERROR(VLOOKUP(E13,STM!G:K,5,FALSE),0)/G13-1 -> -0.6092282 | P13: =IFERROR(VLOOKUP('SUMMARY MT 2026'!$B13,$E$70:$M$88,9,FALSE),0) -> -0.6092282 | AK13: =IFERROR(VLOOKUP(E13,[1]dashboard_SYAIFUL!$E$4:$AZ$76,47,FALSE),0) -> 23 | AL13: =IFERROR(VLOOKUP(E13,[1]dashboard_SYAIFUL!$E$4:$AZ$76,48,FALSE),0) -> 12 | AM13: =IFERROR(VLOOKUP(E13,[1]dashboard_SYAIFUL!$E$4:$BD$76,49,FALSE),0) -> 18 | AN13: =IFERROR(VLOOKUP(E13,[1]dashboard_SYAIFUL!$E$4:$BD$76,50,FALSE),0) -> 17 | AO13: =IFERROR(VLOOKUP('SUMMARY MT 2026'!$E13,[1]dashboard_SYAIFUL!$E$4:$CP$76,89,FALSE),0) -> 15 | AP13: =IFERROR(VLOOKUP('SUMMARY MT 2026'!$E13,[1]dashboard_SYAIFUL!$E$4:$CP$76,90,FALSE),0) -> 20 | AR13: =35-Table2[[#This Row],[PARETO SKU MAR 2026]] -> 35 | AT13: =35-Table2[[#This Row],[PARETO SKU MAR 2026]] -> 35 | AV13: =35-Table2[[#This Row],[PARETO SKU MAR 2026]] -> 35 | AX13: =35-Table2[[#This Row],[PARETO SKU MAR 2026]] -> 35 | AZ13: =35-Table2[[#This Row],[PARETO SKU MAR 2026]] -> 35 | BB13: =35-Table2[[#This Row],[PARETO SKU MAR 2026]] -> 35 | BD13: =35-Table2[[#This Row],[PARETO SKU MAR 2026]] -> 35 | BF13: =35-Table2[[#This Row],[PARETO SKU MAR 2026]] -> 35 | BH13: =35-Table2[[#This Row],[PARETO SKU MAR 2026]] -> 35 | BJ13: =35-Table2[[#This Row],[PARETO SKU MAR 2026]] -> 35
B14: KL-TOP 100 | C14: =RANK(IFERROR(VLOOKUP(Table2[[#This Row],[CUSTNO_DIST]],STM!B:C,2,FALSE),0),STM!$C$5:$C$65,0) -> 6 | D14: PT.TOP SERATUS SEJATI GARDEN AVENUE | E14: MTA00101-10100064 | F14: 3.9205798e+08 | G14: 32671498 | H14: =RANK(G14,$G$4:$G$64,0) -> 11 | I14: 0 | J14: =RANK(I14,$I$4:$I$64,0) -> 58 | K14: =IFERROR(G14/I14-1,1) -> 1 | L14: =IFERROR(VLOOKUP(Table2[[#This Row],[CUST-GROUP]],$E$70:$K$88,7,FALSE),0) -> 0.20819267 | M14: =IFERROR(VLOOKUP(E14,STM!G:K,4,FALSE),0)/G14-1 -> 1.5031723 | N14: =IFERROR(VLOOKUP('SUMMARY MT 2026'!$B14,$E$70:$M$88,8,FALSE),0) -> 0.23890659 | O14: =IFERROR(VLOOKUP(E14,STM!G:K,5,FALSE),0)/G14-1 -> -0.68234137 | P14: =IFERROR(VLOOKUP('SUMMARY MT 2026'!$B14,$E$70:$M$88,9,FALSE),0) -> -0.339362 | AK14: =IFERROR(VLOOKUP(E14,[1]dashboard_SYAIFUL!$E$4:$AZ$76,47,FALSE),0) -> 29 | AL14: =IFERROR(VLOOKUP(E14,[1]dashboard_SYAIFUL!$E$4:$AZ$76,48,FALSE),0) -> 6 | AM14: =IFERROR(VLOOKUP(E14,[1]dashboard_SYAIFUL!$E$4:$BD$76,49,FALSE),0) -> 12 | AN14: =IFERROR(VLOOKUP(E14,[1]dashboard_SYAIFUL!$E$4:$BD$76,50,FALSE),0) -> 23 | AO14: =IFERROR(VLOOKUP('SUMMARY MT 2026'!$E14,[1]dashboard_SYAIFUL!$E$4:$CP$76,89,FALSE),0) -> 3 | AP14: =IFERROR(VLOOKUP('SUMMARY MT 2026'!$E14,[1]dashboard_SYAIFUL!$E$4:$CP$76,90,FALSE),0) -> 32 | AR14: =35-Table2[[#This Row],[PARETO SKU MAR 2026]] -> 35 | AT14: =35-Table2[[#This Row],[PARETO SKU MAR 2026]] -> 35 | AV14: =35-Table2[[#This Row],[PARETO SKU MAR 2026]] -> 35 | AX14: =35-Table2[[#This Row],[PARETO SKU MAR 2026]] -> 35 | AZ14: =35-Table2[[#This Row],[PARETO SKU MAR 2026]] -> 35 | BB14: =35-Table2[[#This Row],[PARETO SKU MAR 2026]] -> 35 | BD14: =35-Table2[[#This Row],[PARETO SKU MAR 2026]] -> 35 | BF14: =35-Table2[[#This Row],[PARETO SKU MAR 2026]] -> 35 | BH14: =35-Table2[[#This Row],[PARETO SKU MAR 2026]] -> 35 | BJ14: =35-Table2[[#This Row],[PARETO SKU MAR 2026]] -> 35
B15: KL-VICTORIA | C15: =RANK(IFERROR(VLOOKUP(Table2[[#This Row],[CUSTNO_DIST]],STM!B:C,2,FALSE),0),STM!$C$5:$C$65,0) -> 11 | D15: MM.NEW VICTORIA | E15: MTA00101-10100046 | F15: 3.9033057e+08 | G15: 32527548 | H15: =RANK(G15,$G$4:$G$64,0) -> 12 | I15: 32951749 | J15: =RANK(I15,$I$4:$I$64,0) -> 8 | K15: =IFERROR(G15/I15-1," ") -> -0.012873397 | L15: =IFERROR(VLOOKUP(Table2[[#This Row],[CUST-GROUP]],$E$70:$K$88,7,FALSE),0) -> 0.14615526 | M15: =IFERROR(VLOOKUP(E15,STM!G:K,4,FALSE),0)/G15-1 -> -0.071074308 | N15: =IFERROR(VLOOKUP('SUMMARY MT 2026'!$B15,$E$70:$M$88,8,FALSE),0) -> -0.070447779 | O15: =IFERROR(VLOOKUP(E15,STM!G:K,5,FALSE),0)/G15-1 -> -0.36914161 | P15: =IFERROR(VLOOKUP('SUMMARY MT 2026'!$B15,$E$70:$M$88,9,FALSE),0) -> -0.62624123 | AK15: =IFERROR(VLOOKUP(E15,[1]dashboard_SYAIFUL!$E$4:$AZ$76,47,FALSE),0) -> 24 | AL15: =IFERROR(VLOOKUP(E15,[1]dashboard_SYAIFUL!$E$4:$AZ$76,48,FALSE),0) -> 11 | AM15: =IFERROR(VLOOKUP(E15,[1]dashboard_SYAIFUL!$E$4:$BD$76,49,FALSE),0) -> 13 | AN15: =IFERROR(VLOOKUP(E15,[1]dashboard_SYAIFUL!$E$4:$BD$76,50,FALSE),0) -> 22 | AO15: =IFERROR(VLOOKUP('SUMMARY MT 2026'!$E15,[1]dashboard_SYAIFUL!$E$4:$CP$76,89,FALSE),0) -> 8 | AP15: =IFERROR(VLOOKUP('SUMMARY MT 2026'!$E15,[1]dashboard_SYAIFUL!$E$4:$CP$76,90,FALSE),0) -> 27 | AR15: =35-Table2[[#This Row],[PARETO SKU MAR 2026]] -> 35 | AT15: =35-Table2[[#This Row],[PARETO SKU MAR 2026]] -> 35 | AV15: =35-Table2[[#This Row],[PARETO SKU MAR 2026]] -> 35 | AX15: =35-Table2[[#This Row],[PARETO SKU MAR 2026]] -> 35 | AZ15: =35-Table2[[#This Row],[PARETO SKU MAR 2026]] -> 35 | BB15: =35-Table2[[#This Row],[PARETO SKU MAR 2026]] -> 35 | BD15: =35-Table2[[#This Row],[PARETO SKU MAR 2026]] -> 35 | BF15: =35-Table2[[#This Row],[PARETO SKU MAR 2026]] -> 35 | BH15: =35-Table2[[#This Row],[PARETO SKU MAR 2026]] -> 35 | BJ15: =35-Table2[[#This Row],[PARETO SKU MAR 2026]] -> 35
B16: KL-GOGO | C16: =RANK(IFERROR(VLOOKUP(Table2[[#This Row],[CUSTNO_DIST]],STM!B:C,2,FALSE),0),STM!$C$5:$C$65,0) -> 22 | D16: SUPERMARKET GOGO GOLDEN CITY | E16: MTA00101-10100019 | F16: 3.6788753e+08 | G16: 30657294 | H16: =RANK(G16,$G$4:$G$64,0) -> 13 | I16: 20101131 | J16: =RANK(I16,$I$4:$I$64,0) -> 17 | K16: =IFERROR(G16/I16-1," ") -> 0.52515268 | L16: =IFERROR(VLOOKUP(Table2[[#This Row],[CUST-GROUP]],$E$70:$K$88,7,FALSE),0) -> 0.31105347 | M16: =IFERROR(VLOOKUP(E16,STM!G:K,4,FALSE),0)/G16-1 -> -0.35441491 | N16: =IFERROR(VLOOKUP('SUMMARY MT 2026'!$B16,$E$70:$M$88,8,FALSE),0) -> -0.202461 | O16: =IFERROR(VLOOKUP(E16,STM!G:K,5,FALSE),0)/G16-1 -> -0.75238022 | P16: =IFERROR(VLOOKUP('SUMMARY MT 2026'!$B16,$E$70:$M$88,9,FALSE),0) -> -0.48667136 | AK16: =IFERROR(VLOOKUP(E16,[1]dashboard_SYAIFUL!$E$4:$AZ$76,47,FALSE),0) -> 31 | AL16: =IFERROR(VLOOKUP(E16,[1]dashboard_SYAIFUL!$E$4:$AZ$76,48,FALSE),0) -> 4 | AM16: =IFERROR(VLOOKUP(E16,[1]dashboard_SYAIFUL!$E$4:$BD$76,49,FALSE),0) -> 18 | AN16: =IFERROR(VLOOKUP(E16,[1]dashboard_SYAIFUL!$E$4:$BD$76,50,FALSE),0) -> 17 | AO16: =IFERROR(VLOOKUP('SUMMARY MT 2026'!$E16,[1]dashboard_SYAIFUL!$E$4:$CP$76,89,FALSE),0) -> 14 | AP16: =IFERROR(VLOOKUP('SUMMARY MT 2026'!$E16,[1]dashboard_SYAIFUL!$E$4:$CP$76,90,FALSE),0) -> 21 | AR16: =35-Table2[[#This Row],[PARETO SKU MAR 2026]] -> 35 | AT16: =35-Table2[[#This Row],[PARETO SKU MAR 2026]] -> 35 | AV16: =35-Table2[[#This Row],[PARETO SKU MAR 2026]] -> 35 | AX16: =35-Table2[[#This Row],[PARETO SKU MAR 2026]] -> 35 | AZ16: =35-Table2[[#This Row],[PARETO SKU MAR 2026]] -> 35 | BB16: =35-Table2[[#This Row],[PARETO SKU MAR 2026]] -> 35 | BD16: =35-Table2[[#This Row],[PARETO SKU MAR 2026]] -> 35 | BF16: =35-Table2[[#This Row],[PARETO SKU MAR 2026]] -> 35 | BH16: =35-Table2[[#This Row],[PARETO SKU MAR 2026]] -> 35 | BJ16: =35-Table2[[#This Row],[PARETO SKU MAR 2026]] -> 35
B17: KL-TOP 100 | C17: =RANK(IFERROR(VLOOKUP(Table2[[#This Row],[CUSTNO_DIST]],STM!B:C,2,FALSE),0),STM!$C$5:$C$65,0) -> 20 | D17: PT.TOP SERATUS SEJATI NIAGA MAS | E17: MTA00101-10100029 | F17: 3.1529238e+08 | G17: 26274365 | H17: =RANK(G17,$G$4:$G$64,0) -> 14 | I17: 26666710 | J17: =RANK(I17,$I$4:$I$64,0) -> 12 | K17: =IFERROR(G17/I17-1," ") -> -0.014712902 | L17: =IFERROR(VLOOKUP(Table2[[#This Row],[CUST-GROUP]],$E$70:$K$88,7,FALSE),0) -> 0.20819267 | M17: =IFERROR(VLOOKUP(E17,STM!G:K,4,FALSE),0)/G17-1 -> -0.043043656 | N17: =IFERROR(VLOOKUP('SUMMARY MT 2026'!$B17,$E$70:$M$88,8,FALSE),0) -> 0.23890659 | O17: =IFERROR(VLOOKUP(E17,STM!G:K,5,FALSE),0)/G17-1 -> -0.74794059 | P17: =IFERROR(VLOOKUP('SUMMARY MT 2026'!$B17,$E$70:$M$88,9,FALSE),0) -> -0.339362 | AK17: =IFERROR(VLOOKUP(E17,[1]dashboard_SYAIFUL!$E$4:$AZ$76,47,FALSE),0) -> 21 | AL17: =IFERROR(VLOOKUP(E17,[1]dashboard_SYAIFUL!$E$4:$AZ$76,48,FALSE),0) -> 14 | AM17: =IFERROR(VLOOKUP(E17,[1]dashboard_SYAIFUL!$E$4:$BD$76,49,FALSE),0) -> 16 | AN17: =IFERROR(VLOOKUP(E17,[1]dashboard_SYAIFUL!$E$4:$BD$76,50,FALSE),0) -> 19 | AO17: =IFERROR(VLOOKUP('SUMMARY MT 2026'!$E17,[1]dashboard_SYAIFUL!$E$4:$CP$76,89,FALSE),0) -> 10 | AP17: =IFERROR(VLOOKUP('SUMMARY MT 2026'!$E17,[1]dashboard_SYAIFUL!$E$4:$CP$76,90,FALSE),0) -> 25 | AR17: =35-Table2[[#This Row],[PARETO SKU MAR 2026]] -> 35 | AT17: =35-Table2[[#This Row],[PARETO SKU MAR 2026]] -> 35 | AV17: =35-Table2[[#This Row],[PARETO SKU MAR 2026]] -> 35 | AX17: =35-Table2[[#This Row],[PARETO SKU MAR 2026]] -> 35 | AZ17: =35-Table2[[#This Row],[PARETO SKU MAR 2026]] -> 35 | BB17: =35-Table2[[#This Row],[PARETO SKU MAR 2026]] -> 35 | BD17: =35-Table2[[#This Row],[PARETO SKU MAR 2026]] -> 35 | BF17: =35-Table2[[#This Row],[PARETO SKU MAR 2026]] -> 35 | BH17: =35-Table2[[#This Row],[PARETO SKU MAR 2026]] -> 35 | BJ17: =35-Table2[[#This Row],[PARETO SKU MAR 2026]] -> 35
B18: KL-INDAH | C18: =RANK(IFERROR(VLOOKUP(Table2[[#This Row],[CUSTNO_DIST]],STM!B:C,2,FALSE),0),STM!$C$5:$C$65,0) -> 18 | D18: PT.ROYAL SUPERMARKET - DAPUR 12 | E18: MTA00101-10100040 | F18: 3.1262335e+08 | G18: 26051946 | H18: =RANK(G18,$G$4:$G$64,0) -> 15 | I18: 21370074 | J18: =RANK(I18,$I$4:$I$64,0) -> 15 | K18: =IFERROR(G18/I18-1," ") -> 0.21908545 | L18: =IFERROR(VLOOKUP(Table2[[#This Row],[CUST-GROUP]],$E$70:$K$88,7,FALSE),0) -> 0.03542864 | M18: =IFERROR(VLOOKUP(E18,STM!G:K,4,FALSE),0)/G18-1 -> -0.48028986 | N18: =IFERROR(VLOOKUP('SUMMARY MT 2026'!$B18,$E$70:$M$88,8,FALSE),0) -> -0.15994414 | O18: =IFERROR(VLOOKUP(E18,STM!G:K,5,FALSE),0)/G18-1 -> -0.081398265 | P18: =IFERROR(VLOOKUP('SUMMARY MT 2026'!$B18,$E$70:$M$88,9,FALSE),0) -> -0.14096078 | AK18: =IFERROR(VLOOKUP(E18,[1]dashboard_SYAIFUL!$E$4:$AZ$76,47,FALSE),0) -> 14 | AL18: =IFERROR(VLOOKUP(E18,[1]dashboard_SYAIFUL!$E$4:$AZ$76,48,FALSE),0) -> 21 | AM18: =IFERROR(VLOOKUP(E18,[1]dashboard_SYAIFUL!$E$4:$BD$76,49,FALSE),0) -> 9 | AN18: =IFERROR(VLOOKUP(E18,[1]dashboard_SYAIFUL!$E$4:$BD$76,50,FALSE),0) -> 26 | AO18: =IFERROR(VLOOKUP('SUMMARY MT 2026'!$E18,[1]dashboard_SYAIFUL!$E$4:$CP$76,89,FALSE),0) -> 8 | AP18: =IFERROR(VLOOKUP('SUMMARY MT 2026'!$E18,[1]dashboard_SYAIFUL!$E$4:$CP$76,90,FALSE),0) -> 27 | AR18: =35-Table2[[#This Row],[PARETO SKU MAR 2026]] -> 35 | AT18: =35-Table2[[#This Row],[PARETO SKU MAR 2026]] -> 35 | AV18: =35-Table2[[#This Row],[PARETO SKU MAR 2026]] -> 35 | AX18: =35-Table2[[#This Row],[PARETO SKU MAR 2026]] -> 35 | AZ18: =35-Table2[[#This Row],[PARETO SKU MAR 2026]] -> 35 | BB18: =35-Table2[[#This Row],[PARETO SKU MAR 2026]] -> 35 | BD18: =35-Table2[[#This Row],[PARETO SKU MAR 2026]] -> 35 | BF18: =35-Table2[[#This Row],[PARETO SKU MAR 2026]] -> 35 | BH18: =35-Table2[[#This Row],[PARETO SKU MAR 2026]] -> 35 | BJ18: =35-Table2[[#This Row],[PARETO SKU MAR 2026]] -> 35
B19: KL-TOP 100 | C19: =RANK(IFERROR(VLOOKUP(Table2[[#This Row],[CUSTNO_DIST]],STM!B:C,2,FALSE),0),STM!$C$5:$C$65,0) -> 30 | D19: PT.TOP SERATUS SEJATI BENGKONG | E19: MTA00101-10100033 | F19: 2.6076906e+08 | G19: 21730755 | H19: =RANK(G19,$G$4:$G$64,0) -> 16 | I19: 23089016 | J19: =RANK(I19,$I$4:$I$64,0) -> 13 | K19: =IFERROR(G19/I19-1," ") -> -0.058827159 | L19: =IFERROR(VLOOKUP(Table2[[#This Row],[CUST-GROUP]],$E$70:$K$88,7,FALSE),0) -> 0.20819267 | M19: =IFERROR(VLOOKUP(E19,STM!G:K,4,FALSE),0)/G19-1 -> -0.32668216 | N19: =IFERROR(VLOOKUP('SUMMARY MT 2026'!$B19,$E$70:$M$88,8,FALSE),0) -> 0.23890659 | O19: =IFERROR(VLOOKUP(E19,STM!G:K,5,FALSE),0)/G19-1 -> -0.75053418 | P19: =IFERROR(VLOOKUP('SUMMARY MT 2026'!$B19,$E$70:$M$88,9,FALSE),0) -> -0.339362 | AK19: =IFERROR(VLOOKUP(E19,[1]dashboard_SYAIFUL!$E$4:$AZ$76,47,FALSE),0) -> 22 | AL19: =IFERROR(VLOOKUP(E19,[1]dashboard_SYAIFUL!$E$4:$AZ$76,48,FALSE),0) -> 13 | AM19: =IFERROR(VLOOKUP(E19,[1]dashboard_SYAIFUL!$E$4:$BD$76,49,FALSE),0) -> 11 | AN19: =IFERROR(VLOOKUP(E19,[1]dashboard_SYAIFUL!$E$4:$BD$76,50,FALSE),0) -> 24 | AO19: =IFERROR(VLOOKUP('SUMMARY MT 2026'!$E19,[1]dashboard_SYAIFUL!$E$4:$CP$76,89,FALSE),0) -> 8 | AP19: =IFERROR(VLOOKUP('SUMMARY MT 2026'!$E19,[1]dashboard_SYAIFUL!$E$4:$CP$76,90,FALSE),0) -> 27 | AR19: =35-Table2[[#This Row],[PARETO SKU MAR 2026]] -> 35 | AT19: =35-Table2[[#This Row],[PARETO SKU MAR 2026]] -> 35 | AV19: =35-Table2[[#This Row],[PARETO SKU MAR 2026]] -> 35 | AX19: =35-Table2[[#This Row],[PARETO SKU MAR 2026]] -> 35 | AZ19: =35-Table2[[#This Row],[PARETO SKU MAR 2026]] -> 35 | BB19: =35-Table2[[#This Row],[PARETO SKU MAR 2026]] -> 35 | BD19: =35-Table2[[#This Row],[PARETO SKU MAR 2026]] -> 35 | BF19: =35-Table2[[#This Row],[PARETO SKU MAR 2026]] -> 35 | BH19: =35-Table2[[#This Row],[PARETO SKU MAR 2026]] -> 35 | BJ19: =35-Table2[[#This Row],[PARETO SKU MAR 2026]] -> 35
B20: KL-STAR | C20: =RANK(IFERROR(VLOOKUP(Table2[[#This Row],[CUSTNO_DIST]],STM!B:C,2,FALSE),0),STM!$C$5:$C$65,0) -> 14 | D20: MM.BPS NAGOYA | E20: MTA00101-10100044 | F20: 2.4209436e+08 | G20: 20174530 | H20: =RANK(G20,$G$4:$G$64,0) -> 17 | I20: 22085130 | J20: =RANK(I20,$I$4:$I$64,0) -> 14 | K20: =IFERROR(G20/I20-1," ") -> -0.086510701 | L20: =IFERROR(VLOOKUP(Table2[[#This Row],[CUST-GROUP]],$E$70:$K$88,7,FALSE),0) -> 0.12954458 | M20: =IFERROR(VLOOKUP(E20,STM!G:K,4,FALSE),0)/G20-1 -> 0.90714967 | N20: =IFERROR(VLOOKUP('SUMMARY MT 2026'!$B20,$E$70:$M$88,8,FALSE),0) -> 0.47930017 | O20: =IFERROR(VLOOKUP(E20,STM!G:K,5,FALSE),0)/G20-1 -> -0.57209917 | P20: =IFERROR(VLOOKUP('SUMMARY MT 2026'!$B20,$E$70:$M$88,9,FALSE),0) -> -0.13220472 | AK20: =IFERROR(VLOOKUP(E20,[1]dashboard_SYAIFUL!$E$4:$AZ$76,47,FALSE),0) -> 19 | AL20: =IFERROR(VLOOKUP(E20,[1]dashboard_SYAIFUL!$E$4:$AZ$76,48,FALSE),0) -> 16 | AM20: =IFERROR(VLOOKUP(E20,[1]dashboard_SYAIFUL!$E$4:$BD$76,49,FALSE),0) -> 10 | AN20: =IFERROR(VLOOKUP(E20,[1]dashboard_SYAIFUL!$E$4:$BD$76,50,FALSE),0) -> 25 | AO20: =IFERROR(VLOOKUP('SUMMARY MT 2026'!$E20,[1]dashboard_SYAIFUL!$E$4:$CP$76,89,FALSE),0) -> 7 | AP20: =IFERROR(VLOOKUP('SUMMARY MT 2026'!$E20,[1]dashboard_SYAIFUL!$E$4:$CP$76,90,FALSE),0) -> 28 | AR20: =35-Table2[[#This Row],[PARETO SKU MAR 2026]] -> 35 | AT20: =35-Table2[[#This Row],[PARETO SKU MAR 2026]] -> 35 | AV20: =35-Table2[[#This Row],[PARETO SKU MAR 2026]] -> 35 | AX20: =35-Table2[[#This Row],[PARETO SKU MAR 2026]] -> 35 | AZ20: =35-Table2[[#This Row],[PARETO SKU MAR 2026]] -> 35 | BB20: =35-Table2[[#This Row],[PARETO SKU MAR 2026]] -> 35 | BD20: =35-Table2[[#This Row],[PARETO SKU MAR 2026]] -> 35 | BF20: =35-Table2[[#This Row],[PARETO SKU MAR 2026]] -> 35 | BH20: =35-Table2[[#This Row],[PARETO SKU MAR 2026]] -> 35 | BJ20: =35-Table2[[#This Row],[PARETO SKU MAR 2026]] -> 35
B21: KL-JODOH | C21: =RANK(IFERROR(VLOOKUP(Table2[[#This Row],[CUSTNO_DIST]],STM!B:C,2,FALSE),0),STM!$C$5:$C$65,0) -> 28 | D21: PT.JODOH CENTRE ONE BATAM MALL | E21: MTA00101-10100010 | F21: 2.2845815e+08 | G21: 19038179 | H21: =RANK(G21,$G$4:$G$64,0) -> 18 | I21: 21330400 | J21: =RANK(I21,$I$4:$I$64,0) -> 16 | K21: =IFERROR(G21/I21-1," ") -> -0.1074626 | L21: =IFERROR(VLOOKUP(Table2[[#This Row],[CUST-GROUP]],$E$70:$K$88,7,FALSE),0) -> 0.049144122 | M21: =IFERROR(VLOOKUP(E21,STM!G:K,4,FALSE),0)/G21-1 -> -0.40606797 | N21: =IFERROR(VLOOKUP('SUMMARY MT 2026'!$B21,$E$70:$M$88,8,FALSE),0) -> 0.68563098 | O21: =IFERROR(VLOOKUP(E21,STM!G:K,5,FALSE),0)/G21-1 -> -0.42505286 | P21: =IFERROR(VLOOKUP('SUMMARY MT 2026'!$B21,$E$70:$M$88,9,FALSE),0) -> -0.53480503 | AK21: =IFERROR(VLOOKUP(E21,[1]dashboard_SYAIFUL!$E$4:$AZ$76,47,FALSE),0) -> 20 | AL21: =IFERROR(VLOOKUP(E21,[1]dashboard_SYAIFUL!$E$4:$AZ$76,48,FALSE),0) -> 15 | AM21: =IFERROR(VLOOKUP(E21,[1]dashboard_SYAIFUL!$E$4:$BD$76,49,FALSE),0) -> 14 | AN21: =IFERROR(VLOOKUP(E21,[1]dashboard_SYAIFUL!$E$4:$BD$76,50,FALSE),0) -> 21 | AO21: =IFERROR(VLOOKUP('SUMMARY MT 2026'!$E21,[1]dashboard_SYAIFUL!$E$4:$CP$76,89,FALSE),0) -> 11 | AP21: =IFERROR(VLOOKUP('SUMMARY MT 2026'!$E21,[1]dashboard_SYAIFUL!$E$4:$CP$76,90,FALSE),0) -> 24 | AR21: =35-Table2[[#This Row],[PARETO SKU MAR 2026]] -> 35 | AT21: =35-Table2[[#This Row],[PARETO SKU MAR 2026]] -> 35 | AV21: =35-Table2[[#This Row],[PARETO SKU MAR 2026]] -> 35 | AX21: =35-Table2[[#This Row],[PARETO SKU MAR 2026]] -> 35 | AZ21: =35-Table2[[#This Row],[PARETO SKU MAR 2026]] -> 35 | BB21: =35-Table2[[#This Row],[PARETO SKU MAR 2026]] -> 35 | BD21: =35-Table2[[#This Row],[PARETO SKU MAR 2026]] -> 35 | BF21: =35-Table2[[#This Row],[PARETO SKU MAR 2026]] -> 35 | BH21: =35-Table2[[#This Row],[PARETO SKU MAR 2026]] -> 35 | BJ21: =35-Table2[[#This Row],[PARETO SKU MAR 2026]] -> 35
B22: KL-LOVE | C22: =RANK(IFERROR(VLOOKUP(Table2[[#This Row],[CUSTNO_DIST]],STM!B:C,2,FALSE),0),STM!$C$5:$C$65,0) -> 19 | D22: SPM.LOVE MARKET | E22: MTA00101-10100006 | F22: 2.2836572e+08 | G22: 19030476 | H22: =RANK(G22,$G$4:$G$64,0) -> 19 | I22: 15703135 | J22: =RANK(I22,$I$4:$I$64,0) -> 22 | K22: =IFERROR(G22/I22-1," ") -> 0.21189024 | L22: =IFERROR(VLOOKUP(Table2[[#This Row],[CUST-GROUP]],$E$70:$K$88,7,FALSE),0) -> 0.21189024 | M22: =IFERROR(VLOOKUP(E22,STM!G:K,4,FALSE),0)/G22-1 -> 0.049004938 | N22: =IFERROR(VLOOKUP('SUMMARY MT 2026'!$B22,$E$70:$M$88,8,FALSE),0) -> 0.049004938 | O22: =IFERROR(VLOOKUP(E22,STM!G:K,5,FALSE),0)/G22-1 -> -0.21943129 | P22: =IFERROR(VLOOKUP('SUMMARY MT 2026'!$B22,$E$70:$M$88,9,FALSE),0) -> -0.21943129 | AK22: =IFERROR(VLOOKUP(E22,[1]dashboard_SYAIFUL!$E$4:$AZ$76,47,FALSE),0) -> 22 | AL22: =IFERROR(VLOOKUP(E22,[1]dashboard_SYAIFUL!$E$4:$AZ$76,48,FALSE),0) -> 13 | AM22: =IFERROR(VLOOKUP(E22,[1]dashboard_SYAIFUL!$E$4:$BD$76,49,FALSE),0) -> 15 | AN22: =IFERROR(VLOOKUP(E22,[1]dashboard_SYAIFUL!$E$4:$BD$76,50,FALSE),0) -> 20 | AO22: =IFERROR(VLOOKUP('SUMMARY MT 2026'!$E22,[1]dashboard_SYAIFUL!$E$4:$CP$76,89,FALSE),0) -> 12 | AP22: =IFERROR(VLOOKUP('SUMMARY MT 2026'!$E22,[1]dashboard_SYAIFUL!$E$4:$CP$76,90,FALSE),0) -> 23 | AR22: =35-Table2[[#This Row],[PARETO SKU MAR 2026]] -> 35 | AT22: =35-Table2[[#This Row],[PARETO SKU MAR 2026]] -> 35 | AV22: =35-Table2[[#This Row],[PARETO SKU MAR 2026]] -> 35 | AX22: =35-Table2[[#This Row],[PARETO SKU MAR 2026]] -> 35 | AZ22: =35-Table2[[#This Row],[PARETO SKU MAR 2026]] -> 35 | BB22: =35-Table2[[#This Row],[PARETO SKU MAR 2026]] -> 35 | BD22: =35-Table2[[#This Row],[PARETO SKU MAR 2026]] -> 35 | BF22: =35-Table2[[#This Row],[PARETO SKU MAR 2026]] -> 35 | BH22: =35-Table2[[#This Row],[PARETO SKU MAR 2026]] -> 35 | BJ22: =35-Table2[[#This Row],[PARETO SKU MAR 2026]] -> 35
B23: KL-VICTORIA | C23: =RANK(IFERROR(VLOOKUP(Table2[[#This Row],[CUSTNO_DIST]],STM!B:C,2,FALSE),0),STM!$C$5:$C$65,0) -> 43 | D23: MM.VICTORIA TIBAN | E23: MTA00101-10100036 | F23: 2.2168141e+08 | G23: 18473451 | H23: =RANK(G23,$G$4:$G$64,0) -> 20 | I23: 18588468 | J23: =RANK(I23,$I$4:$I$64,0) -> 18 | K23: =IFERROR(G23/I23-1," ") -> -0.0061875181 | L23: =IFERROR(VLOOKUP(Table2[[#This Row],[CUST-GROUP]],$E$70:$K$88,7,FALSE),0) -> 0.14615526 | M23: =IFERROR(VLOOKUP(E23,STM!G:K,4,FALSE),0)/G23-1 -> -0.47936004 | N23: =IFERROR(VLOOKUP('SUMMARY MT 2026'!$B23,$E$70:$M$88,8,FALSE),0) -> -0.070447779 | O23: =IFERROR(VLOOKUP(E23,STM!G:K,5,FALSE),0)/G23-1 -> -1.0004389 | P23: =IFERROR(VLOOKUP('SUMMARY MT 2026'!$B23,$E$70:$M$88,9,FALSE),0) -> -0.62624123 | AK23: =IFERROR(VLOOKUP(E23,[1]dashboard_SYAIFUL!$E$4:$AZ$76,47,FALSE),0) -> 28 | AL23: =IFERROR(VLOOKUP(E23,[1]dashboard_SYAIFUL!$E$4:$AZ$76,48,FALSE),0) -> 7 | AM23: =IFERROR(VLOOKUP(E23,[1]dashboard_SYAIFUL!$E$4:$BD$76,49,FALSE),0) -> 11 | AN23: =IFERROR(VLOOKUP(E23,[1]dashboard_SYAIFUL!$E$4:$BD$76,50,FALSE),0) -> 24 | AO23: =IFERROR(VLOOKUP('SUMMARY MT 2026'!$E23,[1]dashboard_SYAIFUL!$E$4:$CP$76,89,FALSE),0) -> 0 | AP23: =IFERROR(VLOOKUP('SUMMARY MT 2026'!$E23,[1]dashboard_SYAIFUL!$E$4:$CP$76,90,FALSE),0) -> 35 | AR23: =35-Table2[[#This Row],[PARETO SKU MAR 2026]] -> 35 | AT23: =35-Table2[[#This Row],[PARETO SKU MAR 2026]] -> 35 | AV23: =35-Table2[[#This Row],[PARETO SKU MAR 2026]] -> 35 | AX23: =35-Table2[[#This Row],[PARETO SKU MAR 2026]] -> 35 | AZ23: =35-Table2[[#This Row],[PARETO SKU MAR 2026]] -> 35 | BB23: =35-Table2[[#This Row],[PARETO SKU MAR 2026]] -> 35 | BD23: =35-Table2[[#This Row],[PARETO SKU MAR 2026]] -> 35 | BF23: =35-Table2[[#This Row],[PARETO SKU MAR 2026]] -> 35 | BH23: =35-Table2[[#This Row],[PARETO SKU MAR 2026]] -> 35 | BJ23: =35-Table2[[#This Row],[PARETO SKU MAR 2026]] -> 35
B24: KL-STAR | C24: =RANK(IFERROR(VLOOKUP(Table2[[#This Row],[CUSTNO_DIST]],STM!B:C,2,FALSE),0),STM!$C$5:$C$65,0) -> 17 | D24: MM.GALAXY STAR | E24: MTA00101-10100039 | F24: 2.1129283e+08 | G24: 17607736 | H24: =RANK(G24,$G$4:$G$64,0) -> 21 | I24: 16481530 | J24: =RANK(I24,$I$4:$I$64,0) -> 19 | K24: =IFERROR(G24/I24-1," ") -> 0.068331396 | L24: =IFERROR(VLOOKUP(Table2[[#This Row],[CUST-GROUP]],$E$70:$K$88,7,FALSE),0) -> 0.12954458 | M24: =IFERROR(VLOOKUP(E24,STM!G:K,4,FALSE),0)/G24-1 -> -0.077007601 | N24: =IFERROR(VLOOKUP('SUMMARY MT 2026'!$B24,$E$70:$M$88,8,FALSE),0) -> 0.47930017 | O24: =IFERROR(VLOOKUP(E24,STM!G:K,5,FALSE),0)/G24-1 -> 0.23803114 | P24: =IFERROR(VLOOKUP('SUMMARY MT 2026'!$B24,$E$70:$M$88,9,FALSE),0) -> -0.13220472 | AK24: =IFERROR(VLOOKUP(E24,[1]dashboard_SYAIFUL!$E$4:$AZ$76,47,FALSE),0) -> 20 | AL24: =IFERROR(VLOOKUP(E24,[1]dashboard_SYAIFUL!$E$4:$AZ$76,48,FALSE),0) -> 15 | AM24: =IFERROR(VLOOKUP(E24,[1]dashboard_SYAIFUL!$E$4:$BD$76,49,FALSE),0) -> 11 | AN24: =IFERROR(VLOOKUP(E24,[1]dashboard_SYAIFUL!$E$4:$BD$76,50,FALSE),0) -> 24 | AO24: =IFERROR(VLOOKUP('SUMMARY MT 2026'!$E24,[1]dashboard_SYAIFUL!$E$4:$CP$76,89,FALSE),0) -> 6 | AP24: =IFERROR(VLOOKUP('SUMMARY MT 2026'!$E24,[1]dashboard_SYAIFUL!$E$4:$CP$76,90,FALSE),0) -> 29 | AR24: =35-Table2[[#This Row],[PARETO SKU MAR 2026]] -> 35 | AT24: =35-Table2[[#This Row],[PARETO SKU MAR 2026]] -> 35 | AV24: =35-Table2[[#This Row],[PARETO SKU MAR 2026]] -> 35 | AX24: =35-Table2[[#This Row],[PARETO SKU MAR 2026]] -> 35 | AZ24: =35-Table2[[#This Row],[PARETO SKU MAR 2026]] -> 35 | BB24: =35-Table2[[#This Row],[PARETO SKU MAR 2026]] -> 35 | BD24: =35-Table2[[#This Row],[PARETO SKU MAR 2026]] -> 35 | BF24: =35-Table2[[#This Row],[PARETO SKU MAR 2026]] -> 35 | BH24: =35-Table2[[#This Row],[PARETO SKU MAR 2026]] -> 35 | BJ24: =35-Table2[[#This Row],[PARETO SKU MAR 2026]] -> 35
B25: KL-TOP 100 | C25: =RANK(IFERROR(VLOOKUP(Table2[[#This Row],[CUSTNO_DIST]],STM!B:C,2,FALSE),0),STM!$C$5:$C$65,0) -> 16 | D25: PT.TOP SERATUS SEJATI TUNAS | E25: MTA00101-10100027 | F25: 2.0627881e+08 | G25: 17189901 | H25: =RANK(G25,$G$4:$G$64,0) -> 22 | I25: 16074225 | J25: =RANK(I25,$I$4:$I$64,0) -> 20 | K25: =IFERROR(G25/I25-1," ") -> 0.06940773 | L25: =IFERROR(VLOOKUP(Table2[[#This Row],[CUST-GROUP]],$E$70:$K$88,7,FALSE),0) -> 0.20819267 | M25: =IFERROR(VLOOKUP(E25,STM!G:K,4,FALSE),0)/G25-1 -> -0.44700405 | N25: =IFERROR(VLOOKUP('SUMMARY MT 2026'!$B25,$E$70:$M$88,8,FALSE),0) -> 0.23890659 | O25: =IFERROR(VLOOKUP(E25,STM!G:K,5,FALSE),0)/G25-1 -> 0.7581033 | P25: =IFERROR(VLOOKUP('SUMMARY MT 2026'!$B25,$E$70:$M$88,9,FALSE),0) -> -0.339362 | AK25: =IFERROR(VLOOKUP(E25,[1]dashboard_SYAIFUL!$E$4:$AZ$76,47,FALSE),0) -> 20 | AL25: =IFERROR(VLOOKUP(E25,[1]dashboard_SYAIFUL!$E$4:$AZ$76,48,FALSE),0) -> 15 | AM25: =IFERROR(VLOOKUP(E25,[1]dashboard_SYAIFUL!$E$4:$BD$76,49,FALSE),0) -> 12 | AN25: =IFERROR(VLOOKUP(E25,[1]dashboard_SYAIFUL!$E$4:$BD$76,50,FALSE),0) -> 23 | AO25: =IFERROR(VLOOKUP('SUMMARY MT 2026'!$E25,[1]dashboard_SYAIFUL!$E$4:$CP$76,89,FALSE),0) -> 10 | AP25: =IFERROR(VLOOKUP('SUMMARY MT 2026'!$E25,[1]dashboard_SYAIFUL!$E$4:$CP$76,90,FALSE),0) -> 25 | AR25: =35-Table2[[#This Row],[PARETO SKU MAR 2026]] -> 35 | AT25: =35-Table2[[#This Row],[PARETO SKU MAR 2026]] -> 35 | AV25: =35-Table2[[#This Row],[PARETO SKU MAR 2026]] -> 35 | AX25: =35-Table2[[#This Row],[PARETO SKU MAR 2026]] -> 35 | AZ25: =35-Table2[[#This Row],[PARETO SKU MAR 2026]] -> 35 | BB25: =35-Table2[[#This Row],[PARETO SKU MAR 2026]] -> 35 | BD25: =35-Table2[[#This Row],[PARETO SKU MAR 2026]] -> 35 | BF25: =35-Table2[[#This Row],[PARETO SKU MAR 2026]] -> 35 | BH25: =35-Table2[[#This Row],[PARETO SKU MAR 2026]] -> 35 | BJ25: =35-Table2[[#This Row],[PARETO SKU MAR 2026]] -> 35
B26: KL-STAR | C26: =RANK(IFERROR(VLOOKUP(Table2[[#This Row],[CUSTNO_DIST]],STM!B:C,2,FALSE),0),STM!$C$5:$C$65,0) -> 10 | D26: MM.GLOBAL STAR LEGENDA | E26: MTA00101-10100004 | F26: 2.0067736e+08 | G26: 16723114 | H26: =RANK(G26,$G$4:$G$64,0) -> 23 | I26: 9259149.4 | J26: =RANK(I26,$I$4:$I$64,0) -> 32 | K26: =IFERROR(G26/I26-1," ") -> 0.80611771 | L26: =IFERROR(VLOOKUP(Table2[[#This Row],[CUST-GROUP]],$E$70:$K$88,7,FALSE),0) -> 0.12954458 | M26: =IFERROR(VLOOKUP(E26,STM!G:K,4,FALSE),0)/G26-1 -> 0.80003387 | N26: =IFERROR(VLOOKUP('SUMMARY MT 2026'!$B26,$E$70:$M$88,8,FALSE),0) -> 0.47930017 | O26: =IFERROR(VLOOKUP(E26,STM!G:K,5,FALSE),0)/G26-1 -> 0.75859544 | P26: =IFERROR(VLOOKUP('SUMMARY MT 2026'!$B26,$E$70:$M$88,9,FALSE),0) -> -0.13220472 | AK26: =IFERROR(VLOOKUP(E26,[1]dashboard_SYAIFUL!$E$4:$AZ$76,47,FALSE),0) -> 13 | AL26: =IFERROR(VLOOKUP(E26,[1]dashboard_SYAIFUL!$E$4:$AZ$76,48,FALSE),0) -> 22 | AM26: =IFERROR(VLOOKUP(E26,[1]dashboard_SYAIFUL!$E$4:$BD$76,49,FALSE),0) -> 12 | AN26: =IFERROR(VLOOKUP(E26,[1]dashboard_SYAIFUL!$E$4:$BD$76,50,FALSE),0) -> 23 | AO26: =IFERROR(VLOOKUP('SUMMARY MT 2026'!$E26,[1]dashboard_SYAIFUL!$E$4:$CP$76,89,FALSE),0) -> 9 | AP26: =IFERROR(VLOOKUP('SUMMARY MT 2026'!$E26,[1]dashboard_SYAIFUL!$E$4:$CP$76,90,FALSE),0) -> 26 | AR26: =35-Table2[[#This Row],[PARETO SKU MAR 2026]] -> 35 | AT26: =35-Table2[[#This Row],[PARETO SKU MAR 2026]] -> 35 | AV26: =35-Table2[[#This Row],[PARETO SKU MAR 2026]] -> 35 | AX26: =35-Table2[[#This Row],[PARETO SKU MAR 2026]] -> 35 | AZ26: =35-Table2[[#This Row],[PARETO SKU MAR 2026]] -> 35 | BB26: =35-Table2[[#This Row],[PARETO SKU MAR 2026]] -> 35 | BD26: =35-Table2[[#This Row],[PARETO SKU MAR 2026]] -> 35 | BF26: =35-Table2[[#This Row],[PARETO SKU MAR 2026]] -> 35 | BH26: =35-Table2[[#This Row],[PARETO SKU MAR 2026]] -> 35 | BJ26: =35-Table2[[#This Row],[PARETO SKU MAR 2026]] -> 35
... B55: KL-INDAH | C55: =RANK(IFERROR(VLOOKUP(Table2[[#This Row],[CUSTNO_DIST]],STM!B:C,2,FALSE),0),STM!$C$5:$C$65,0) -> 59 | D55: PT.ROYAL SUPERMARKET - PASIR PUTIH | E55: MTA00101-10100059 | F55: 45135040 | G55: 3761253.3 | H55: =RANK(G55,$G$4:$G$64,0) -> 52 | I55: 1745607.6 | J55: =RANK(I55,$I$4:$I$64,0) -> 54 | K55: =IFERROR(G55/I55-1," ") -> 1.1546957 | L55: =IFERROR(VLOOKUP(Table2[[#This Row],[CUST-GROUP]],$E$70:$K$88,7,FALSE),0) -> 0.03542864 | M55: =IFERROR(VLOOKUP(E55,STM!G:K,4,FALSE),0)/G55-1 -> -0.83487393 | N55: =IFERROR(VLOOKUP('SUMMARY MT 2026'!$B55,$E$70:$M$88,8,FALSE),0) -> -0.15994414 | O55: =IFERROR(VLOOKUP(E55,STM!G:K,5,FALSE),0)/G55-1 -> -1 | P55: =IFERROR(VLOOKUP('SUMMARY MT 2026'!$B55,$E$70:$M$88,9,FALSE),0) -> -0.14096078 | AK55: =IFERROR(VLOOKUP(E55,[1]dashboard_SYAIFUL!$E$4:$AZ$76,47,FALSE),0) -> 14 | AL55: =IFERROR(VLOOKUP(E55,[1]dashboard_SYAIFUL!$E$4:$AZ$76,48,FALSE),0) -> 21 | AM55: =IFERROR(VLOOKUP(E55,[1]dashboard_SYAIFUL!$E$4:$BD$76,49,FALSE),0) -> 1 | AN55: =IFERROR(VLOOKUP(E55,[1]dashboard_SYAIFUL!$E$4:$BD$76,50,FALSE),0) -> 34 | AO55: =IFERROR(VLOOKUP('SUMMARY MT 2026'!$E55,[1]dashboard_SYAIFUL!$E$4:$CP$76,89,FALSE),0) -> 0 | AP55: =IFERROR(VLOOKUP('SUMMARY MT 2026'!$E55,[1]dashboard_SYAIFUL!$E$4:$CP$76,90,FALSE),0) -> 35 | AR55: =35-Table2[[#This Row],[PARETO SKU MAR 2026]] -> 35 | AT55: =35-Table2[[#This Row],[PARETO SKU MAR 2026]] -> 35 | AV55: =35-Table2[[#This Row],[PARETO SKU MAR 2026]] -> 35 | AX55: =35-Table2[[#This Row],[PARETO SKU MAR 2026]] -> 35 | AZ55: =35-Table2[[#This Row],[PARETO SKU MAR 2026]] -> 35 | BB55: =35-Table2[[#This Row],[PARETO SKU MAR 2026]] -> 35 | BD55: =35-Table2[[#This Row],[PARETO SKU MAR 2026]] -> 35 | BF55: =35-Table2[[#This Row],[PARETO SKU MAR 2026]] -> 35 | BH55: =35-Table2[[#This Row],[PARETO SKU MAR 2026]] -> 35 | BJ55: =35-Table2[[#This Row],[PARETO SKU MAR 2026]] -> 35
B56: KL-GOGO | C56: =RANK(IFERROR(VLOOKUP(Table2[[#This Row],[CUSTNO_DIST]],STM!B:C,2,FALSE),0),STM!$C$5:$C$65,0) -> 25 | D56: SUPERMARKET GOGO K-SQUARE | E56: MTA00101-10100066 | F56: 42449178 | G56: 3537431.5 | H56: =RANK(G56,$G$4:$G$64,0) -> 53 | I56: 0 | J56: =RANK(I56,$I$4:$I$64,0) -> 58 | K56: =IFERROR(G56/I56-1,1) -> 1 | L56: =IFERROR(VLOOKUP(Table2[[#This Row],[CUST-GROUP]],$E$70:$K$88,7,FALSE),0) -> 0.31105347 | M56: =IFERROR(VLOOKUP(E56,STM!G:K,4,FALSE),0)/G56-1 -> 1.4923911 | N56: =IFERROR(VLOOKUP('SUMMARY MT 2026'!$B56,$E$70:$M$88,8,FALSE),0) -> -0.202461 | O56: =IFERROR(VLOOKUP(E56,STM!G:K,5,FALSE),0)/G56-1 -> 3.119164 | P56: =IFERROR(VLOOKUP('SUMMARY MT 2026'!$B56,$E$70:$M$88,9,FALSE),0) -> -0.48667136 | AK56: =IFERROR(VLOOKUP(E56,[1]dashboard_SYAIFUL!$E$4:$AZ$76,47,FALSE),0) -> 21 | AL56: =IFERROR(VLOOKUP(E56,[1]dashboard_SYAIFUL!$E$4:$AZ$76,48,FALSE),0) -> 14 | AM56: =IFERROR(VLOOKUP(E56,[1]dashboard_SYAIFUL!$E$4:$BD$76,49,FALSE),0) -> 13 | AN56: =IFERROR(VLOOKUP(E56,[1]dashboard_SYAIFUL!$E$4:$BD$76,50,FALSE),0) -> 22 | AO56: =IFERROR(VLOOKUP('SUMMARY MT 2026'!$E56,[1]dashboard_SYAIFUL!$E$4:$CP$76,89,FALSE),0) -> 17 | AP56: =IFERROR(VLOOKUP('SUMMARY MT 2026'!$E56,[1]dashboard_SYAIFUL!$E$4:$CP$76,90,FALSE),0) -> 18 | AR56: =35-Table2[[#This Row],[PARETO SKU MAR 2026]] -> 35 | AT56: =35-Table2[[#This Row],[PARETO SKU MAR 2026]] -> 35 | AV56: =35-Table2[[#This Row],[PARETO SKU MAR 2026]] -> 35 | AX56: =35-Table2[[#This Row],[PARETO SKU MAR 2026]] -> 35 | AZ56: =35-Table2[[#This Row],[PARETO SKU MAR 2026]] -> 35 | BB56: =35-Table2[[#This Row],[PARETO SKU MAR 2026]] -> 35 | BD56: =35-Table2[[#This Row],[PARETO SKU MAR 2026]] -> 35 | BF56: =35-Table2[[#This Row],[PARETO SKU MAR 2026]] -> 35 | BH56: =35-Table2[[#This Row],[PARETO SKU MAR 2026]] -> 35 | BJ56: =35-Table2[[#This Row],[PARETO SKU MAR 2026]] -> 35
B57: KL- | C57: =RANK(IFERROR(VLOOKUP(Table2[[#This Row],[CUSTNO_DIST]],STM!B:C,2,FALSE),0),STM!$C$5:$C$65,0) -> 54 | D57: PT.ZERO TOTAL | E57: MTA00101-10100024 | F57: 29163422 | G57: 2430285.2 | H57: =RANK(G57,$G$4:$G$64,0) -> 54 | I57: 2622409.4 | J57: =RANK(I57,$I$4:$I$64,0) -> 52 | K57: =IFERROR(G57/I57-1," ") -> -0.073262484 | L57: =IFERROR(VLOOKUP(Table2[[#This Row],[CUST-GROUP]],$E$70:$K$88,7,FALSE),0) -> -0.10593556 | M57: =IFERROR(VLOOKUP(E57,STM!G:K,4,FALSE),0)/G57-1 -> -0.11488529 | N57: =IFERROR(VLOOKUP('SUMMARY MT 2026'!$B57,$E$70:$M$88,8,FALSE),0) -> 0.48461474 | O57: =IFERROR(VLOOKUP(E57,STM!G:K,5,FALSE),0)/G57-1 -> -0.51935328 | P57: =IFERROR(VLOOKUP('SUMMARY MT 2026'!$B57,$E$70:$M$88,9,FALSE),0) -> -0.12003958 | AK57: =IFERROR(VLOOKUP(E57,[1]dashboard_SYAIFUL!$E$4:$AZ$76,47,FALSE),0) -> 11 | AL57: =IFERROR(VLOOKUP(E57,[1]dashboard_SYAIFUL!$E$4:$AZ$76,48,FALSE),0) -> 24 | AM57: =IFERROR(VLOOKUP(E57,[1]dashboard_SYAIFUL!$E$4:$BD$76,49,FALSE),0) -> 5 | AN57: =IFERROR(VLOOKUP(E57,[1]dashboard_SYAIFUL!$E$4:$BD$76,50,FALSE),0) -> 30 | AO57: =IFERROR(VLOOKUP('SUMMARY MT 2026'!$E57,[1]dashboard_SYAIFUL!$E$4:$CP$76,89,FALSE),0) -> 6 | AP57: =IFERROR(VLOOKUP('SUMMARY MT 2026'!$E57,[1]dashboard_SYAIFUL!$E$4:$CP$76,90,FALSE),0) -> 29 | AR57: =35-Table2[[#This Row],[PARETO SKU MAR 2026]] -> 35 | AT57: =35-Table2[[#This Row],[PARETO SKU MAR 2026]] -> 35 | AV57: =35-Table2[[#This Row],[PARETO SKU MAR 2026]] -> 35 | AX57: =35-Table2[[#This Row],[PARETO SKU MAR 2026]] -> 35 | AZ57: =35-Table2[[#This Row],[PARETO SKU MAR 2026]] -> 35 | BB57: =35-Table2[[#This Row],[PARETO SKU MAR 2026]] -> 35 | BD57: =35-Table2[[#This Row],[PARETO SKU MAR 2026]] -> 35 | BF57: =35-Table2[[#This Row],[PARETO SKU MAR 2026]] -> 35 | BH57: =35-Table2[[#This Row],[PARETO SKU MAR 2026]] -> 35 | BJ57: =35-Table2[[#This Row],[PARETO SKU MAR 2026]] -> 35
B58: KL- | C58: =RANK(IFERROR(VLOOKUP(Table2[[#This Row],[CUSTNO_DIST]],STM!B:C,2,FALSE),0),STM!$C$5:$C$65,0) -> 56 | D58: MM.OHS MART | E58: MTA00101-10100056 | F58: 27185267 | G58: 2265438.9 | H58: =RANK(G58,$G$4:$G$64,0) -> 55 | I58: 0 | J58: =RANK(I58,$I$4:$I$64,0) -> 58 | K58: =IFERROR(G58/I58-1,1) -> 1 | L58: =IFERROR(VLOOKUP(Table2[[#This Row],[CUST-GROUP]],$E$70:$K$88,7,FALSE),0) -> -0.10593556 | M58: =IFERROR(VLOOKUP(E58,STM!G:K,4,FALSE),0)/G58-1 -> -0.13697258 | N58: =IFERROR(VLOOKUP('SUMMARY MT 2026'!$B58,$E$70:$M$88,8,FALSE),0) -> 0.48461474 | O58: =IFERROR(VLOOKUP(E58,STM!G:K,5,FALSE),0)/G58-1 -> -1 | P58: =IFERROR(VLOOKUP('SUMMARY MT 2026'!$B58,$E$70:$M$88,9,FALSE),0) -> -0.12003958 | AK58: =IFERROR(VLOOKUP(E58,[1]dashboard_SYAIFUL!$E$4:$AZ$76,47,FALSE),0) -> 15 | AL58: =IFERROR(VLOOKUP(E58,[1]dashboard_SYAIFUL!$E$4:$AZ$76,48,FALSE),0) -> 20 | AM58: =IFERROR(VLOOKUP(E58,[1]dashboard_SYAIFUL!$E$4:$BD$76,49,FALSE),0) -> 6 | AN58: =IFERROR(VLOOKUP(E58,[1]dashboard_SYAIFUL!$E$4:$BD$76,50,FALSE),0) -> 29 | AO58: =IFERROR(VLOOKUP('SUMMARY MT 2026'!$E58,[1]dashboard_SYAIFUL!$E$4:$CP$76,89,FALSE),0) -> 0 | AP58: =IFERROR(VLOOKUP('SUMMARY MT 2026'!$E58,[1]dashboard_SYAIFUL!$E$4:$CP$76,90,FALSE),0) -> 35 | AR58: =35-Table2[[#This Row],[PARETO SKU MAR 2026]] -> 35 | AT58: =35-Table2[[#This Row],[PARETO SKU MAR 2026]] -> 35 | AV58: =35-Table2[[#This Row],[PARETO SKU MAR 2026]] -> 35 | AX58: =35-Table2[[#This Row],[PARETO SKU MAR 2026]] -> 35 | AZ58: =35-Table2[[#This Row],[PARETO SKU MAR 2026]] -> 35 | BB58: =35-Table2[[#This Row],[PARETO SKU MAR 2026]] -> 35 | BD58: =35-Table2[[#This Row],[PARETO SKU MAR 2026]] -> 35 | BF58: =35-Table2[[#This Row],[PARETO SKU MAR 2026]] -> 35 | BH58: =35-Table2[[#This Row],[PARETO SKU MAR 2026]] -> 35 | BJ58: =35-Table2[[#This Row],[PARETO SKU MAR 2026]] -> 35
B59: KL-STAR | C59: =RANK(IFERROR(VLOOKUP(Table2[[#This Row],[CUSTNO_DIST]],STM!B:C,2,FALSE),0),STM!$C$5:$C$65,0) -> 57 | D59: MM.BPS BALOI BLOK 2 | E59: MTA00101-10100052 | F59: 20642250 | G59: 1720187.5 | H59: =RANK(G59,$G$4:$G$64,0) -> 56 | I59: 969699.56 | J59: =RANK(I59,$I$4:$I$64,0) -> 57 | K59: =IFERROR(G59/I59-1," ") -> 0.7739386 | L59: =IFERROR(VLOOKUP(Table2[[#This Row],[CUST-GROUP]],$E$70:$K$88,7,FALSE),0) -> 0.12954458 | M59: =IFERROR(VLOOKUP(E59,STM!G:K,4,FALSE),0)/G59-1 -> 0.058967287 | N59: =IFERROR(VLOOKUP('SUMMARY MT 2026'!$B59,$E$70:$M$88,8,FALSE),0) -> 0.47930017 | O59: =IFERROR(VLOOKUP(E59,STM!G:K,5,FALSE),0)/G59-1 -> -1 | P59: =IFERROR(VLOOKUP('SUMMARY MT 2026'!$B59,$E$70:$M$88,9,FALSE),0) -> -0.13220472 | AK59: =IFERROR(VLOOKUP(E59,[1]dashboard_SYAIFUL!$E$4:$AZ$76,47,FALSE),0) -> 10 | AL59: =IFERROR(VLOOKUP(E59,[1]dashboard_SYAIFUL!$E$4:$AZ$76,48,FALSE),0) -> 25 | AM59: =IFERROR(VLOOKUP(E59,[1]dashboard_SYAIFUL!$E$4:$BD$76,49,FALSE),0) -> 4 | AN59: =IFERROR(VLOOKUP(E59,[1]dashboard_SYAIFUL!$E$4:$BD$76,50,FALSE),0) -> 31 | AO59: =IFERROR(VLOOKUP('SUMMARY MT 2026'!$E59,[1]dashboard_SYAIFUL!$E$4:$CP$76,89,FALSE),0) -> 0 | AP59: =IFERROR(VLOOKUP('SUMMARY MT 2026'!$E59,[1]dashboard_SYAIFUL!$E$4:$CP$76,90,FALSE),0) -> 35 | AR59: =35-Table2[[#This Row],[PARETO SKU MAR 2026]] -> 35 | AT59: =35-Table2[[#This Row],[PARETO SKU MAR 2026]] -> 35 | AV59: =35-Table2[[#This Row],[PARETO SKU MAR 2026]] -> 35 | AX59: =35-Table2[[#This Row],[PARETO SKU MAR 2026]] -> 35 | AZ59: =35-Table2[[#This Row],[PARETO SKU MAR 2026]] -> 35 | BB59: =35-Table2[[#This Row],[PARETO SKU MAR 2026]] -> 35 | BD59: =35-Table2[[#This Row],[PARETO SKU MAR 2026]] -> 35 | BF59: =35-Table2[[#This Row],[PARETO SKU MAR 2026]] -> 35 | BH59: =35-Table2[[#This Row],[PARETO SKU MAR 2026]] -> 35 | BJ59: =35-Table2[[#This Row],[PARETO SKU MAR 2026]] -> 35
B60: KL-YOSS | C60: =RANK(IFERROR(VLOOKUP(Table2[[#This Row],[CUSTNO_DIST]],STM!B:C,2,FALSE),0),STM!$C$5:$C$65,0) -> 53 | D60: MM.YOSS MART | E60: MTA00101-10100055 | F60: 18842160 | G60: 1570180 | H60: =RANK(G60,$G$4:$G$64,0) -> 57 | I60: 1059699.5 | J60: =RANK(I60,$I$4:$I$64,0) -> 56 | K60: =IFERROR(G60/I60-1," ") -> 0.48172195 | L60: =IFERROR(VLOOKUP(Table2[[#This Row],[CUST-GROUP]],$E$70:$K$88,7,FALSE),0) -> 0.48172195 | M60: =IFERROR(VLOOKUP(E60,STM!G:K,4,FALSE),0)/G60-1 -> 0.036548317 | N60: =IFERROR(VLOOKUP('SUMMARY MT 2026'!$B60,$E$70:$M$88,8,FALSE),0) -> 0.036548317 | O60: =IFERROR(VLOOKUP(E60,STM!G:K,5,FALSE),0)/G60-1 -> 0.23334595 | P60: =IFERROR(VLOOKUP('SUMMARY MT 2026'!$B60,$E$70:$M$88,9,FALSE),0) -> 0.23334595 | AK60: =IFERROR(VLOOKUP(E60,[1]dashboard_SYAIFUL!$E$4:$AZ$76,47,FALSE),0) -> 11 | AL60: =IFERROR(VLOOKUP(E60,[1]dashboard_SYAIFUL!$E$4:$AZ$76,48,FALSE),0) -> 24 | AM60: =IFERROR(VLOOKUP(E60,[1]dashboard_SYAIFUL!$E$4:$BD$76,49,FALSE),0) -> 7 | AN60: =IFERROR(VLOOKUP(E60,[1]dashboard_SYAIFUL!$E$4:$BD$76,50,FALSE),0) -> 28 | AO60: =IFERROR(VLOOKUP('SUMMARY MT 2026'!$E60,[1]dashboard_SYAIFUL!$E$4:$CP$76,89,FALSE),0) -> 8 | AP60: =IFERROR(VLOOKUP('SUMMARY MT 2026'!$E60,[1]dashboard_SYAIFUL!$E$4:$CP$76,90,FALSE),0) -> 27 | AR60: =35-Table2[[#This Row],[PARETO SKU MAR 2026]] -> 35 | AT60: =35-Table2[[#This Row],[PARETO SKU MAR 2026]] -> 35 | AV60: =35-Table2[[#This Row],[PARETO SKU MAR 2026]] -> 35 | AX60: =35-Table2[[#This Row],[PARETO SKU MAR 2026]] -> 35 | AZ60: =35-Table2[[#This Row],[PARETO SKU MAR 2026]] -> 35 | BB60: =35-Table2[[#This Row],[PARETO SKU MAR 2026]] -> 35 | BD60: =35-Table2[[#This Row],[PARETO SKU MAR 2026]] -> 35 | BF60: =35-Table2[[#This Row],[PARETO SKU MAR 2026]] -> 35 | BH60: =35-Table2[[#This Row],[PARETO SKU MAR 2026]] -> 35 | BJ60: =35-Table2[[#This Row],[PARETO SKU MAR 2026]] -> 35
B61: KA-RAMAYANA | C61: =RANK(IFERROR(VLOOKUP(Table2[[#This Row],[CUSTNO_DIST]],STM!B:C,2,FALSE),0),STM!$C$5:$C$65,0) -> 60 | D61: PT.RAMAYANA LESTARI SENTOSA. TBK | E61: MTA00101-10100008 | F61: 13692434 | G61: 1141036.2 | H61: =RANK(G61,$G$4:$G$64,0) -> 58 | I61: 1755487.3 | J61: =RANK(I61,$I$4:$I$64,0) -> 53 | K61: =IFERROR(G61/I61-1," ") -> -0.35001742 | L61: =IFERROR(VLOOKUP(Table2[[#This Row],[CUST-GROUP]],$E$70:$K$88,7,FALSE),0) -> -0.35001742 | M61: =IFERROR(VLOOKUP(E61,STM!G:K,4,FALSE),0)/G61-1 -> -1 | N61: =IFERROR(VLOOKUP('SUMMARY MT 2026'!$B61,$E$70:$M$88,8,FALSE),0) -> -1 | O61: =IFERROR(VLOOKUP(E61,STM!G:K,5,FALSE),0)/G61-1 -> -1 | P61: =IFERROR(VLOOKUP('SUMMARY MT 2026'!$B61,$E$70:$M$88,9,FALSE),0) -> -1 | AK61: =IFERROR(VLOOKUP(E61,[1]dashboard_SYAIFUL!$E$4:$AZ$76,47,FALSE),0) -> 0 | AL61: =IFERROR(VLOOKUP(E61,[1]dashboard_SYAIFUL!$E$4:$AZ$76,48,FALSE),0) -> 0 | AM61: =IFERROR(VLOOKUP(E61,[1]dashboard_SYAIFUL!$E$4:$BD$76,49,FALSE),0) -> 0 | AN61: =IFERROR(VLOOKUP(E61,[1]dashboard_SYAIFUL!$E$4:$BD$76,50,FALSE),0) -> 0 | AO61: =IFERROR(VLOOKUP('SUMMARY MT 2026'!$E61,[1]dashboard_SYAIFUL!$E$4:$CP$76,89,FALSE),0) -> 0 | AP61: =IFERROR(VLOOKUP('SUMMARY MT 2026'!$E61,[1]dashboard_SYAIFUL!$E$4:$CP$76,90,FALSE),0) -> 0 | AR61: =35-Table2[[#This Row],[PARETO SKU MAR 2026]] -> 35 | AT61: =35-Table2[[#This Row],[PARETO SKU MAR 2026]] -> 35 | AV61: =35-Table2[[#This Row],[PARETO SKU MAR 2026]] -> 35 | AX61: =35-Table2[[#This Row],[PARETO SKU MAR 2026]] -> 35 | AZ61: =35-Table2[[#This Row],[PARETO SKU MAR 2026]] -> 35 | BB61: =35-Table2[[#This Row],[PARETO SKU MAR 2026]] -> 35 | BD61: =35-Table2[[#This Row],[PARETO SKU MAR 2026]] -> 35 | BF61: =35-Table2[[#This Row],[PARETO SKU MAR 2026]] -> 35 | BH61: =35-Table2[[#This Row],[PARETO SKU MAR 2026]] -> 35 | BJ61: =35-Table2[[#This Row],[PARETO SKU MAR 2026]] -> 35
B62: KL-INDAH | C62: =RANK(IFERROR(VLOOKUP(Table2[[#This Row],[CUSTNO_DIST]],STM!B:C,2,FALSE),0),STM!$C$5:$C$65,0) -> 55 | D62: PT.ROYAL MINIMARKET - TIBAN PALAPA | E62: MTA00101-10100007 | F62: 12800990 | G62: 1066749.2 | H62: =RANK(G62,$G$4:$G$64,0) -> 59 | I62: 1574308.9 | J62: =RANK(I62,$I$4:$I$64,0) -> 55 | K62: =IFERROR(G62/I62-1," ") -> -0.3224016 | L62: =IFERROR(VLOOKUP(Table2[[#This Row],[CUST-GROUP]],$E$70:$K$88,7,FALSE),0) -> 0.03542864 | M62: =IFERROR(VLOOKUP(E62,STM!G:K,4,FALSE),0)/G62-1 -> 0.92198004 | N62: =IFERROR(VLOOKUP('SUMMARY MT 2026'!$B62,$E$70:$M$88,8,FALSE),0) -> -0.15994414 | O62: =IFERROR(VLOOKUP(E62,STM!G:K,5,FALSE),0)/G62-1 -> -1 | P62: =IFERROR(VLOOKUP('SUMMARY MT 2026'!$B62,$E$70:$M$88,9,FALSE),0) -> -0.14096078 | AK62: =IFERROR(VLOOKUP(E62,[1]dashboard_SYAIFUL!$E$4:$AZ$76,47,FALSE),0) -> 9 | AL62: =IFERROR(VLOOKUP(E62,[1]dashboard_SYAIFUL!$E$4:$AZ$76,48,FALSE),0) -> 26 | AM62: =IFERROR(VLOOKUP(E62,[1]dashboard_SYAIFUL!$E$4:$BD$76,49,FALSE),0) -> 4 | AN62: =IFERROR(VLOOKUP(E62,[1]dashboard_SYAIFUL!$E$4:$BD$76,50,FALSE),0) -> 31 | AO62: =IFERROR(VLOOKUP('SUMMARY MT 2026'!$E62,[1]dashboard_SYAIFUL!$E$4:$CP$76,89,FALSE),0) -> 0 | AP62: =IFERROR(VLOOKUP('SUMMARY MT 2026'!$E62,[1]dashboard_SYAIFUL!$E$4:$CP$76,90,FALSE),0) -> 35 | AR62: =35-Table2[[#This Row],[PARETO SKU MAR 2026]] -> 35 | AT62: =35-Table2[[#This Row],[PARETO SKU MAR 2026]] -> 35 | AV62: =35-Table2[[#This Row],[PARETO SKU MAR 2026]] -> 35 | AX62: =35-Table2[[#This Row],[PARETO SKU MAR 2026]] -> 35 | AZ62: =35-Table2[[#This Row],[PARETO SKU MAR 2026]] -> 35 | BB62: =35-Table2[[#This Row],[PARETO SKU MAR 2026]] -> 35 | BD62: =35-Table2[[#This Row],[PARETO SKU MAR 2026]] -> 35 | BF62: =35-Table2[[#This Row],[PARETO SKU MAR 2026]] -> 35 | BH62: =35-Table2[[#This Row],[PARETO SKU MAR 2026]] -> 35 | BJ62: =35-Table2[[#This Row],[PARETO SKU MAR 2026]] -> 35
B63: KA-INDOMARET | C63: =RANK(IFERROR(VLOOKUP(Table2[[#This Row],[CUSTNO_DIST]],STM!B:C,2,FALSE),0),STM!$C$5:$C$65,0) -> 58 | D63: PT.INDOMARCO PRISMATAMA | E63: MTA00101-10100049 | F63: 4151352.6 | G63: 345946.05 | H63: =RANK(G63,$G$4:$G$64,0) -> 60 | I63: 0 | J63: =RANK(I63,$I$4:$I$64,0) -> 58 | K63: =IFERROR(G63/I63-1,1) -> 1 | L63: =IFERROR(VLOOKUP(Table2[[#This Row],[CUST-GROUP]],$E$70:$K$88,7,FALSE),0) -> 1 | M63: =IFERROR(VLOOKUP(E63,STM!G:K,4,FALSE),0)/G63-1 -> -1 | N63: =IFERROR(VLOOKUP('SUMMARY MT 2026'!$B63,$E$70:$M$88,8,FALSE),0) -> -1 | O63: =IFERROR(VLOOKUP(E63,STM!G:K,5,FALSE),0)/G63-1 -> 3.2499993 | P63: =IFERROR(VLOOKUP('SUMMARY MT 2026'!$B63,$E$70:$M$88,9,FALSE),0) -> 3.2499993 | AK63: =IFERROR(VLOOKUP(E63,[1]dashboard_SYAIFUL!$E$4:$AZ$76,47,FALSE),0) -> 0 | AL63: =IFERROR(VLOOKUP(E63,[1]dashboard_SYAIFUL!$E$4:$AZ$76,48,FALSE),0) -> 0 | AM63: =IFERROR(VLOOKUP(E63,[1]dashboard_SYAIFUL!$E$4:$BD$76,49,FALSE),0) -> 0 | AN63: =IFERROR(VLOOKUP(E63,[1]dashboard_SYAIFUL!$E$4:$BD$76,50,FALSE),0) -> 0 | AO63: =IFERROR(VLOOKUP('SUMMARY MT 2026'!$E63,[1]dashboard_SYAIFUL!$E$4:$CP$76,89,FALSE),0) -> 0 | AP63: =IFERROR(VLOOKUP('SUMMARY MT 2026'!$E63,[1]dashboard_SYAIFUL!$E$4:$CP$76,90,FALSE),0) -> 0 | AR63: =35-Table2[[#This Row],[PARETO SKU MAR 2026]] -> 35 | AT63: =35-Table2[[#This Row],[PARETO SKU MAR 2026]] -> 35 | AV63: =35-Table2[[#This Row],[PARETO SKU MAR 2026]] -> 35 | AX63: =35-Table2[[#This Row],[PARETO SKU MAR 2026]] -> 35 | AZ63: =35-Table2[[#This Row],[PARETO SKU MAR 2026]] -> 35 | BB63: =35-Table2[[#This Row],[PARETO SKU MAR 2026]] -> 35 | BD63: =35-Table2[[#This Row],[PARETO SKU MAR 2026]] -> 35 | BF63: =35-Table2[[#This Row],[PARETO SKU MAR 2026]] -> 35 | BH63: =35-Table2[[#This Row],[PARETO SKU MAR 2026]] -> 35 | BJ63: =35-Table2[[#This Row],[PARETO SKU MAR 2026]] -> 35
B64: KL- | C64: =RANK(IFERROR(VLOOKUP(Table2[[#This Row],[CUSTNO_DIST]],STM!B:C,2,FALSE),0),STM!$C$5:$C$65,0) -> 60 | D64: MM.ASEN | E64: MTA00101-10100060 | F64: 133153.1 | G64: 11096.092 | H64: =RANK(G64,$G$4:$G$64,0) -> 61 | I64: 7237025.2 | J64: =RANK(I64,$I$4:$I$64,0) -> 39 | K64: =IFERROR(G64/I64-1," ") -> -0.99846676 | L64: =IFERROR(VLOOKUP(Table2[[#This Row],[CUST-GROUP]],$E$70:$K$88,7,FALSE),0) -> -0.10593556 | M64: =IFERROR(VLOOKUP(E64,STM!G:K,4,FALSE),0)/G64-1 -> -1 | N64: =IFERROR(VLOOKUP('SUMMARY MT 2026'!$B64,$E$70:$M$88,8,FALSE),0) -> 0.48461474 | O64: =IFERROR(VLOOKUP(E64,STM!G:K,5,FALSE),0)/G64-1 -> -1 | P64: =IFERROR(VLOOKUP('SUMMARY MT 2026'!$B64,$E$70:$M$88,9,FALSE),0) -> -0.12003958 | AK64: =IFERROR(VLOOKUP(E64,[1]dashboard_SYAIFUL!$E$4:$AZ$76,47,FALSE),0) -> 2 | AL64: =IFERROR(VLOOKUP(E64,[1]dashboard_SYAIFUL!$E$4:$AZ$76,48,FALSE),0) -> 33 | AM64: =IFERROR(VLOOKUP(E64,[1]dashboard_SYAIFUL!$E$4:$BD$76,49,FALSE),0) -> 0 | AN64: =IFERROR(VLOOKUP(E64,[1]dashboard_SYAIFUL!$E$4:$BD$76,50,FALSE),0) -> 35 | AO64: =IFERROR(VLOOKUP('SUMMARY MT 2026'!$E64,[1]dashboard_SYAIFUL!$E$4:$CP$76,89,FALSE),0) -> 0 | AP64: =IFERROR(VLOOKUP('SUMMARY MT 2026'!$E64,[1]dashboard_SYAIFUL!$E$4:$CP$76,90,FALSE),0) -> 35 | AR64: =35-Table2[[#This Row],[PARETO SKU MAR 2026]] -> 35 | AT64: =35-Table2[[#This Row],[PARETO SKU MAR 2026]] -> 35 | AV64: =35-Table2[[#This Row],[PARETO SKU MAR 2026]] -> 35 | AX64: =35-Table2[[#This Row],[PARETO SKU MAR 2026]] -> 35 | AZ64: =35-Table2[[#This Row],[PARETO SKU MAR 2026]] -> 35 | BB64: =35-Table2[[#This Row],[PARETO SKU MAR 2026]] -> 35 | BD64: =35-Table2[[#This Row],[PARETO SKU MAR 2026]] -> 35 | BF64: =35-Table2[[#This Row],[PARETO SKU MAR 2026]] -> 35 | BH64: =35-Table2[[#This Row],[PARETO SKU MAR 2026]] -> 35 | BJ64: =35-Table2[[#This Row],[PARETO SKU MAR 2026]] -> 35
B65: DISTRIBUTOR | C65: ALL | D65: PT ARTHA JAYA SEMESTA | E65: AJS BATAM | F65: =SUM(F4:F64) -> 1.722641e+10 | G65: =SUM(G4:G64) -> 1.4355342e+09 | H65: ALL | I65: =SUM(I4:I64) -> 1.2006607e+09 | J65: ALL | K65: =G65/I65-1 -> 0.19562022 | L65: =IFERROR(VLOOKUP(Table2[[#This Row],[CUST-GROUP]],$E$70:$K$88,7,FALSE),0) -> 0 | M65: =1608416289.88863/G65-1 -> 0.12043052 | N65: =M65 -> 0.12043052 | O65: =684357897.274265/G65-1 -> -0.523273 | P65: =O65 -> -0.523273 | AK65: =MAX('SUMMARY MT 2026'!$AK$4:$AK$64) -> 31 | AL65: =35-AK65 -> 4 | AM65: =MAX('SUMMARY MT 2026'!$AM$4:$AM$64) -> 21 | AN65: =35-AM65 -> 14 | AO65: =MAX('SUMMARY MT 2026'!$AO$4:$AO$64) -> 20 | AP65: =35-AO65 -> 15 | AQ65: =MAX(AQ4:AQ64) -> 0 | AR65: =35-Table2[[#This Row],[PARETO SKU MAR 2026]] -> 35 | AS65: =MAX(AS4:AS64) -> 0 | AT65: =35-Table2[[#This Row],[PARETO SKU MAR 2026]] -> 35 | AU65: =MAX(AU4:AU64) -> 0 | AV65: =35-Table2[[#This Row],[PARETO SKU MAR 2026]] -> 35 | AW65: =MAX(AW4:AW64) -> 0 | AX65: =35-Table2[[#This Row],[PARETO SKU MAR 2026]] -> 35 | AY65: =MAX(AY4:AY64) -> 0 | AZ65: =35-Table2[[#This Row],[PARETO SKU MAR 2026]] -> 35 | BA65: =MAX(BA4:BA64) -> 0 | BB65: =35-Table2[[#This Row],[PARETO SKU MAR 2026]] -> 35 | BC65: =MAX(BC4:BC64) -> 0 | BD65: =35-Table2[[#This Row],[PARETO SKU MAR 2026]] -> 35 | BE65: =MAX(BE4:BE64) -> 0 | BF65: =35-Table2[[#This Row],[PARETO SKU MAR 2026]] -> 35 | BG65: =MAX(BG4:BG64) -> 0 | BH65: =35-Table2[[#This Row],[PARETO SKU MAR 2026]] -> 35 | BI65: =MAX(BI4:BI64) -> 0 | BJ65: =35-Table2[[#This Row],[PARETO SKU MAR 2026]] -> 35
C68: BY GROUP NAME
B69: RANK 2026 | C69: AVG JAN - FEB | D69: CONTR | E69: CUSTOMER GROUP NAME | F69: RANK 2025 | G69: TOTAL FY 2025 | H69: AVG FY 25 | I69: AVG FY 24 | J69: RANK 2024 | K69: FY 25 VS FY 24 | L69: JAN 25 VS AVG 2025 | M69: FEB 25 VS AVG 2025
B70: =RANK(C70,$C$70:$C$88,0) -> 1 | C70: =SUMIF(STM!I:I,'SUMMARY MT 2026'!E70,STM!C:C) -> 2.7589088e+08 | D70: =G70/SUM($G$70:$G$88) -> 0.20235051 | E70: KL-TOP 100 | F70: =RANK(D70,$D$70:$E$88,0) -> 1 | G70: =SUMIF($B$4:$B$64,E70,$F$4:$F$64) -> 3.4857729e+09 | H70: =G70/12 -> 2.9048108e+08 | I70: =SUMIF($B$4:$B$64,E70,$I$4:$I$64) -> 2.4042612e+08 | J70: =RANK(I70,$I$70:$I$88,0) -> 1 | K70: =H70/I70-1 -> 0.20819267 | L70: =SUMIF(STM!I:I,'SUMMARY MT 2026'!E70,STM!J:J)/H70-1 -> 0.23890659 | M70: =SUMIF(STM!I:I,'SUMMARY MT 2026'!E70,STM!K:K)/H70-1 -> -0.339362
B71: =RANK(C71,$C$70:$C$88,0) -> 2 | C71: =SUMIF(STM!I:I,'SUMMARY MT 2026'!E71,STM!C:C) -> 1.6451369e+08 | D71: =G71/SUM($G$70:$G$88) -> 0.18687585 | E71: KA-INDOGROSIR | F71: =RANK(D71,$D$70:$E$88,0) -> 2 | G71: =SUMIF($B$4:$B$64,E71,$F$4:$F$64) -> 3.2192001e+09 | H71: =G71/12 -> 2.6826667e+08 | I71: =SUMIF($B$4:$B$64,E71,$I$4:$I$64) -> 1.9664124e+08 | J71: =RANK(I71,$I$70:$I$88,0) -> 2 | K71: =H71/I71-1 -> 0.36424418 | L71: =SUMIF(STM!I:I,'SUMMARY MT 2026'!E71,STM!J:J)/H71-1 -> -0.08181651 | M71: =SUMIF(STM!I:I,'SUMMARY MT 2026'!E71,STM!K:K)/H71-1 -> -0.69168978
B72: =RANK(C72,$C$70:$C$88,0) -> 3 | C72: =SUMIF(STM!I:I,'SUMMARY MT 2026'!E72,STM!C:C) -> 1.5693349e+08 | D72: =G72/SUM($G$70:$G$88) -> 0.14706044 | E72: KA-ALFAMART | F72: =RANK(D72,$D$70:$E$88,0) -> 3 | G72: =SUMIF($B$4:$B$64,E72,$F$4:$F$64) -> 2.5333233e+09 | H72: =G72/12 -> 2.1111028e+08 | I72: =SUMIF($B$4:$B$64,E72,$I$4:$I$64) -> 1.8782756e+08 | J72: =RANK(I72,$I$70:$I$88,0) -> 3 | K72: =H72/I72-1 -> 0.12395796 | L72: =SUMIF(STM!I:I,'SUMMARY MT 2026'!E72,STM!J:J)/H72-1 -> 0.35969226 | M72: =SUMIF(STM!I:I,'SUMMARY MT 2026'!E72,STM!K:K)/H72-1 -> -0.87294807
B73: =RANK(C73,$C$70:$C$88,0) -> 4 | C73: =SUMIF(STM!I:I,'SUMMARY MT 2026'!E73,STM!C:C) -> 1.0158939e+08 | D73: =G73/SUM($G$70:$G$88) -> 0.10859673 | E73: KL-VICTORIA | F73: =RANK(D73,$D$70:$E$88,0) -> 4 | G73: =SUMIF($B$4:$B$64,E73,$F$4:$F$64) -> 1.8707318e+09 | H73: =G73/12 -> 1.5589432e+08 | I73: =SUMIF($B$4:$B$64,E73,$I$4:$I$64) -> 1.3601501e+08 | J73: =RANK(I73,$I$70:$I$88,0) -> 4 | K73: =H73/I73-1 -> 0.14615526 | L73: =SUMIF(STM!I:I,'SUMMARY MT 2026'!E73,STM!J:J)/H73-1 -> -0.070447779 | M73: =SUMIF(STM!I:I,'SUMMARY MT 2026'!E73,STM!K:K)/H73-1 -> -0.62624123
B74: =RANK(C74,$C$70:$C$88,0) -> 7 | C74: =SUMIF(STM!I:I,'SUMMARY MT 2026'!E74,STM!C:C) -> 76259232 | D74: =G74/SUM($G$70:$G$88) -> 0.081049446 | E74: KL-GOGO | F74: =RANK(D74,$D$70:$E$88,0) -> 5 | G74: =SUMIF($B$4:$B$64,E74,$F$4:$F$64) -> 1.396191e+09 | H74: =G74/12 -> 1.1634925e+08 | I74: =SUMIF($B$4:$B$64,E74,$I$4:$I$64) -> 88744854 | J74: =RANK(I74,$I$70:$I$88,0) -> 5 | K74: =H74/I74-1 -> 0.31105347 | L74: =SUMIF(STM!I:I,'SUMMARY MT 2026'!E74,STM!J:J)/H74-1 -> -0.202461 | M74: =SUMIF(STM!I:I,'SUMMARY MT 2026'!E74,STM!K:K)/H74-1 -> -0.48667136
B75: =RANK(C75,$C$70:$C$88,0) -> 5 | C75: =SUMIF(STM!I:I,'SUMMARY MT 2026'!E75,STM!C:C) -> 85808280 | D75: =G75/SUM($G$70:$G$88) -> 0.055582796 | E75: KL-JODOH | F75: =RANK(D75,$D$70:$E$88,0) -> 6 | G75: =SUMIF($B$4:$B$64,E75,$F$4:$F$64) -> 9.5749204e+08 | H75: =G75/12 -> 79791003 | I75: =SUMIF($B$4:$B$64,E75,$I$4:$I$64) -> 76053424 | J75: =RANK(I75,$I$70:$I$88,0) -> 6 | K75: =H75/I75-1 -> 0.049144122 | L75: =SUMIF(STM!I:I,'SUMMARY MT 2026'!E75,STM!J:J)/H75-1 -> 0.68563098 | M75: =SUMIF(STM!I:I,'SUMMARY MT 2026'!E75,STM!K:K)/H75-1 -> -0.53480503
B76: =RANK(C76,$C$70:$C$88,0) -> 6 | C76: =SUMIF(STM!I:I,'SUMMARY MT 2026'!E76,STM!C:C) -> 83359604 | D76: =G76/SUM($G$70:$G$88) -> 0.049481329 | E76: KL-STAR | F76: =RANK(D76,$D$70:$E$88,0) -> 7 | G76: =SUMIF($B$4:$B$64,E76,$F$4:$F$64) -> 8.5238566e+08 | H76: =G76/12 -> 71032138 | I76: =SUMIF($B$4:$B$64,E76,$I$4:$I$64) -> 62885644 | J76: =RANK(I76,$I$70:$I$88,0) -> 8 | K76: =H76/I76-1 -> 0.12954458 | L76: =SUMIF(STM!I:I,'SUMMARY MT 2026'!E76,STM!J:J)/H76-1 -> 0.47930017 | M76: =SUMIF(STM!I:I,'SUMMARY MT 2026'!E76,STM!K:K)/H76-1 -> -0.13220472
B77: =RANK(C77,$C$70:$C$88,0) -> 8 | C77: =SUMIF(STM!I:I,'SUMMARY MT 2026'!E77,STM!C:C) -> 56037630 | D77: =G77/SUM($G$70:$G$88) -> 0.045949262 | E77: KL-INDAH | F77: =RANK(D77,$D$70:$E$88,0) -> 8 | G77: =SUMIF($B$4:$B$64,E77,$F$4:$F$64) -> 7.9154082e+08 | H77: =G77/12 -> 65961735 | I77: =SUMIF($B$4:$B$64,E77,$I$4:$I$64) -> 63704762 | J77: =RANK(I77,$I$70:$I$88,0) -> 7 | K77: =H77/I77-1 -> 0.03542864 | L77: =SUMIF(STM!I:I,'SUMMARY MT 2026'!E77,STM!J:J)/H77-1 -> -0.15994414 | M77: =SUMIF(STM!I:I,'SUMMARY MT 2026'!E77,STM!K:K)/H77-1 -> -0.14096078
B78: =RANK(C78,$C$70:$C$88,0) -> 10 | C78: =SUMIF(STM!I:I,'SUMMARY MT 2026'!E78,STM!C:C) -> 30317484 | D78: =G78/SUM($G$70:$G$88) -> 0.029951481 | E78: KL-GROS | F78: =RANK(D78,$D$70:$E$88,0) -> 9 | G78: =SUMIF($B$4:$B$64,E78,$F$4:$F$64) -> 5.1595649e+08 | H78: =G78/12 -> 42996375 | I78: =SUMIF($B$4:$B$64,E78,$I$4:$I$64) -> 31655966 | J78: =RANK(I78,$I$70:$I$88,0) -> 9 | K78: =H78/I78-1 -> 0.35823922 | L78: =SUMIF(STM!I:I,'SUMMARY MT 2026'!E78,STM!J:J)/H78-1 -> -0.45732065 | M78: =SUMIF(STM!I:I,'SUMMARY MT 2026'!E78,STM!K:K)/H78-1 -> -0.13244491
B79: =RANK(C79,$C$70:$C$88,0) -> 11 | C79: =SUMIF(STM!I:I,'SUMMARY MT 2026'!E79,STM!C:C) -> 24784367 | D79: =G79/SUM($G$70:$G$88) -> 0.024058226 | E79: KA-DIAMOND | F79: =RANK(D79,$D$70:$E$88,0) -> 10 | G79: =SUMIF($B$4:$B$64,E79,$F$4:$F$64) -> 4.1443686e+08 | H79: =G79/12 -> 34536405 | I79: =SUMIF($B$4:$B$64,E79,$I$4:$I$64) -> 28966063 | J79: =RANK(I79,$I$70:$I$88,0) -> 10 | K79: =H79/I79-1 -> 0.19230579 | L79: =SUMIF(STM!I:I,'SUMMARY MT 2026'!E79,STM!J:J)/H79-1 -> 0.044488562 | M79: =SUMIF(STM!I:I,'SUMMARY MT 2026'!E79,STM!K:K)/H79-1 -> -0.6092282
B80: =RANK(C80,$C$70:$C$88,0) -> 9 | C80: =SUMIF(STM!I:I,'SUMMARY MT 2026'!E80,STM!C:C) -> 32263140 | D80: =G80/SUM($G$70:$G$88) -> 0.017646573 | E80: KL-HALIMAH | F80: =RANK(D80,$D$70:$E$88,0) -> 11 | G80: =SUMIF($B$4:$B$64,E80,$F$4:$F$64) -> 3.0398709e+08 | H80: =G80/12 -> 25332258 | I80: =SUMIF($B$4:$B$64,E80,$I$4:$I$64) -> 20295509 | J80: =RANK(I80,$I$70:$I$88,0) -> 11 | K80: =H80/I80-1 -> 0.24817061 | L80: =SUMIF(STM!I:I,'SUMMARY MT 2026'!E80,STM!J:J)/H80-1 -> 0.92826369 | M80: =SUMIF(STM!I:I,'SUMMARY MT 2026'!E80,STM!K:K)/H80-1 -> -0.38106556
B81: =RANK(C81,$C$70:$C$88,0) -> 12 | C81: =SUMIF(STM!I:I,'SUMMARY MT 2026'!E81,STM!C:C) -> 17408829 | D81: =G81/SUM($G$70:$G$88) -> 0.013256721 | E81: KL-LOVE | F81: =RANK(D81,$D$70:$E$88,0) -> 12 | G81: =SUMIF($B$4:$B$64,E81,$F$4:$F$64) -> 2.2836572e+08 | H81: =G81/12 -> 19030476 | I81: =SUMIF($B$4:$B$64,E81,$I$4:$I$64) -> 15703135 | J81: =RANK(I81,$I$70:$I$88,0) -> 12 | K81: =H81/I81-1 -> 0.21189024 | L81: =SUMIF(STM!I:I,'SUMMARY MT 2026'!E81,STM!J:J)/H81-1 -> 0.049004938 | M81: =SUMIF(STM!I:I,'SUMMARY MT 2026'!E81,STM!K:K)/H81-1 -> -0.21943129
... B87: =RANK(C87,$C$70:$C$88,0) -> 19 | C87: =SUMIF(STM!I:I,'SUMMARY MT 2026'!E87,STM!C:C) -> 0 | D87: =G87/SUM($G$70:$G$88) -> 0.00079485128 | E87: KA-RAMAYANA | F87: =RANK(D87,$D$70:$E$88,0) -> 18 | G87: =SUMIF($B$4:$B$64,E87,$F$4:$F$64) -> 13692434 | H87: =G87/12 -> 1141036.2 | I87: =SUMIF($B$4:$B$64,E87,$I$4:$I$64) -> 1755487.3 | J87: =RANK(I87,$I$70:$I$88,0) -> 17 | K87: =H87/I87-1 -> -0.35001742 | L87: =SUMIF(STM!I:I,'SUMMARY MT 2026'!E87,STM!J:J)/H87-1 -> -1 | M87: =SUMIF(STM!I:I,'SUMMARY MT 2026'!E87,STM!K:K)/H87-1 -> -1
B88: =RANK(C88,$C$70:$C$88,0) -> 18 | C88: =SUMIF(STM!I:I,'SUMMARY MT 2026'!E88,STM!C:C) -> 735135.24 | D88: =G88/SUM($G$70:$G$88) -> 0.00024098768 | E88: KA-INDOMARET | F88: =RANK(D88,$D$70:$E$88,0) -> 19 | G88: =SUMIF($B$4:$B$64,E88,$F$4:$F$64) -> 4151352.6 | H88: =G88/12 -> 345946.05 | I88: =SUMIF($B$4:$B$64,E88,$I$4:$I$64) -> 0 | J88: =RANK(I88,$I$70:$I$88,0) -> 19 | K88: =IFERROR(H88/I88-1,1) -> 1 | L88: =SUMIF(STM!I:I,'SUMMARY MT 2026'!E88,STM!J:J)/H88-1 -> -1 | M88: =SUMIF(STM!I:I,'SUMMARY MT 2026'!E88,STM!K:K)/H88-1 -> 3.2499993
F89: =SUM(G70:G88) -> 1.722641e+10 | G89: =SUM(H70:H88) -> 1.4355342e+09 | H89: =SUM(I70:I88) -> 1.2006607e+09

Sheet STM
E2: Sum of amount | J2: Period | K2: TrxNote
C3: CEK RANK 2026 | J3: 202601 | K3: 202602
B4: OutletCode | C4: AVG JAN - FEB | D4: SUM | E4: CustRegionDesc | F4: account_name | G4: OutletCode | H4: ShipName/OutletName | I4: CustGroupDesc | J4: STM | K4: STM
B5: =G5 -> MTA00101-10100004 | C5: =D5/2 -> 29755681 | D5: =SUM(J5:K5) -> 59511362 | E5: REGION 1-6.3 | F5: Artha Jaya Semesta. PT | G5: MTA00101-10100004 | H5: MM.GLOBAL STAR LEGENDA | I5: KL-STAR | J5: 30102171 | K5: 29409192
B6: =G6 -> MTA00101-10100005 | C6: =D6/2 -> 13828655 | D6: =SUM(J6:K6) -> 27657311 | G6: MTA00101-10100005 | H6: PT.ROYAL SUPERMARKET - MEGA LEGENDA | I6: KL-INDAH | J6: 9607571.1 | K6: 18049739
B7: =G7 -> MTA00101-10100006 | C7: =D7/2 -> 17408829 | D7: =SUM(J7:K7) -> 34817658 | G7: MTA00101-10100006 | H7: SPM.LOVE MARKET | I7: KL-LOVE | J7: 19963064 | K7: 14854594
B8: =G8 -> MTA00101-10100007 | C8: =D8/2 -> 1025135.3 | D8: =SUM(J8:K8) -> 2050270.6 | G8: MTA00101-10100007 | H8: PT.ROYAL MINIMARKET - TIBAN PALAPA | I8: KL-INDAH | J8: 2050270.6
B9: =G9 -> MTA00101-10100009 | C9: =D9/2 -> 3178738.8 | D9: =SUM(J9:K9) -> 6357477.6 | G9: MTA00101-10100009 | H9: CV.SINAR SUKSES RITELINDO | I9: KL-SUNLY | J9: 6357477.6
B10: =G10 -> MTA00101-10100010 | C10: =D10/2 -> 11126666 | D10: =SUM(J10:K10) -> 22253331 | G10: MTA00101-10100010 | H10: PT.JODOH CENTRE | I10: KL-JODOH | J10: 11307385 | K10: 10945947
B11: =G11 -> MTA00101-10100011 | C11: =D11/2 -> 7755496.6 | D11: =SUM(J11:K11) -> 15510993 | G11: MTA00101-10100011 | H11: CV.CENTRAL ERA SUKSES | I11: KL-BENGKONG | J11: 9801173.4 | K11: 5709819.8
B12: =G12 -> MTA00101-10100012 | C12: =D12/2 -> 4690540.5 | D12: =SUM(J12:K12) -> 9381081.1 | G12: MTA00101-10100012 | H12: MM.GLOBAL SUN | I12: KL-SUNLY | J12: 4279458.5 | K12: 5101622.6
B13: =G13 -> MTA00101-10100013 | C13: =D13/2 -> 2374594.9 | D13: =SUM(J13:K13) -> 4749189.8 | G13: MTA00101-10100013 | H13: PT.ROYAL SUPERMARKET - KAMPUNG DURIAN | I13: KL-INDAH | J13: 4749189.8
B14: =G14 -> MTA00101-10100014 | C14: =D14/2 -> 10019731 | D14: =SUM(J14:K14) -> 20039462 | G14: MTA00101-10100014 | H14: MM.GROS MART PIAYU | I14: KL-GROS | J14: 6738378.4 | K14: 13301083
B15: =G15 -> MTA00101-10100015 | C15: =D15/2 -> 11268877 | D15: =SUM(J15:K15) -> 22537753 | G15: MTA00101-10100015 | H15: MM.LEMON MART | I15: KL-GROS | J15: 8164323.9 | K15: 14373429
B16: =G16 -> MTA00101-10100016 | C16: =D16/2 -> 2821217.2 | D16: =SUM(J16:K16) -> 5642434.4 | G16: MTA00101-10100016 | H16: MM.GROS MART PRIMA | I16: KL-GROS | J16: 1078378.5 | K16: 4564055.9
B17: =G17 -> MTA00101-10100017 | C17: =D17/2 -> 6207659.4 | D17: =SUM(J17:K17) -> 12415319 | G17: MTA00101-10100017 | H17: SPM.GROS BOTANIA | I17: KL-GROS | J17: 7352163.8 | K17: 5063155
B18: =G18 -> MTA00101-10100019 | C18: =D18/2 -> 13691622 | D18: =SUM(J18:K18) -> 27383244 | G18: MTA00101-10100019 | H18: SUPERMARKET GOGO | I18: KL-GOGO | J18: 19791892 | K18: 7591352.4
B19: =G19 -> MTA00101-10100020 | C19: =D19/2 -> 4901213.9 | D19: =SUM(J19:K19) -> 9802427.9 | G19: MTA00101-10100020 | H19: SPM.SUMBER HARAPAN | I19: KL-SUMBER HARAPAN | J19: 8184590.1 | K19: 1617837.8
B20: =G20 -> MTA00101-10100021 | C20: =D20/2 -> 1.6451369e+08 | D20: =SUM(J20:K20) -> 3.2902739e+08 | G20: MTA00101-10100021 | H20: PT.INTI CAKRAWALA CITRA | I20: KA-INDOGROSIR | J20: 2.4631803e+08 | K20: 82709356
B21: =G21 -> MTA00101-10100022 | C21: =D21/2 -> 38167351 | D21: =SUM(J21:K21) -> 76334702 | G21: MTA00101-10100022 | H21: SPM.NEW VICTORIA AVIARI | I21: KL-VICTORIA | J21: 64703799 | K21: 11630903
B22: =G22 -> MTA00101-10100023 | C22: =D22/2 -> 2368919.3 | D22: =SUM(J22:K22) -> 4737838.6 | G22: MTA00101-10100023 | H22: SPM.PRIMART TIBAN | I22: KL-SUMBER HARAPAN | J22: 4163514.3 | K22: 574324.37
B23: =G23 -> MTA00101-10100024 | C23: =D23/2 -> 1659594.9 | D23: =SUM(J23:K23) -> 3319189.8 | G23: MTA00101-10100024 | H23: PT.ZERO TOTAL | I23: KL- | J23: 2151081.2 | K23: 1168108.6
B24: =G24 -> MTA00101-10100025 | C24: =D24/2 -> 5897611.5 | D24: =SUM(J24:K24) -> 11795223 | G24: MTA00101-10100025 | H24: PT.ROYAL SUPERMARKET - CIPTA PURI | I24: KL-INDAH | J24: 6727657.2 | K24: 5067565.8
B25: =G25 -> MTA00101-10100026 | C25: =D25/2 -> 24784367 | D25: =SUM(J25:K25) -> 49568733 | G25: MTA00101-10100026 | H25: PT.KURNIAPHILEO SELARAS DC MALL | I25: KA-DIAMOND | J25: 36072880 | K25: 13495853
... B47: =G47 -> MTA00101-10100048 | C47: =D47/2 -> 46008560 | D47: =SUM(J47:K47) -> 92017120 | G47: MTA00101-10100048 | H47: PT.TOP SERATUS SEJATI | I47: KL-TOP 100 | J47: 57946410 | K47: 34070709
B48: =G48 -> MTA00101-10100049 | C48: =D48/2 -> 735135.24 | D48: =SUM(J48:K48) -> 1470270.5 | G48: MTA00101-10100049 | H48: PT.INDOMARCO PRISMATAMA | I48: KA-INDOMARET | K48: 1470270.5
B49: =G49 -> MTA00101-10100050 | C49: =D49/2 -> 1.5693349e+08 | D49: =SUM(J49:K49) -> 3.1386698e+08 | G49: MTA00101-10100050 | H49: PT.SUMBER ALFARIA TRIJAYA | I49: KA-ALFAMART | J49: 2.8704501e+08 | K49: 26821968
B50: =G50 -> MTA00101-10100051 | C50: =D50/2 -> 4994188.6 | D50: =SUM(J50:K50) -> 9988377.2 | G50: MTA00101-10100051 | H50: SUPERMARKET GOGO TIBAN | I50: KL-GOGO | J50: 6809187.6 | K50: 3179189.6
B51: =G51 -> MTA00101-10100052 | C51: =D51/2 -> 910811.14 | D51: =SUM(J51:K51) -> 1821622.3 | G51: MTA00101-10100052 | H51: MM.BPS BALOI BLOK 2 | I51: KL-STAR | J51: 1821622.3
B52: =G52 -> MTA00101-10100053 | C52: =D52/2 -> 5361218.1 | D52: =SUM(J52:K52) -> 10722436 | G52: MTA00101-10100053 | H52: PT.ROYAL SUPERMARKET - BATU BESAR | I52: KL-INDAH | J52: 9808922.4 | K52: 913513.77
B53: =G53 -> MTA00101-10100054 | C53: =D53/2 -> 7513285.9 | D53: =SUM(J53:K53) -> 15026572 | G53: MTA00101-10100054 | H53: PT.TOP SERATUS SEJATI | I53: KL-TOP 100 | J53: 10334681 | K53: 4691890.9
B54: =G54 -> MTA00101-10100055 | C54: =D54/2 -> 1782071.3 | D54: =SUM(J54:K54) -> 3564142.5 | G54: MTA00101-10100055 | H54: MM.YOSS MART | I54: KL-YOSS | J54: 1627567.4 | K54: 1936575.1
B55: =G55 -> MTA00101-10100056 | C55: =D55/2 -> 977567.97 | D55: =SUM(J55:K55) -> 1955135.9 | G55: MTA00101-10100056 | H55: MM.OHS MART | I55: KL- | J55: 1955135.9
B56: =G56 -> MTA00101-10100057 | C56: =D56/2 -> 13062838 | D56: =SUM(J56:K56) -> 26125676 | G56: MTA00101-10100057 | H56: SUPERMARKET GOGO | I56: KL-GOGO | J56: 20081892 | K56: 6043783.3
B57: =G57 -> MTA00101-10100058 | C57: =D57/2 -> 13171799 | D57: =SUM(J57:K57) -> 26343598 | G57: MTA00101-10100058 | H57: PT.SENTOSA NIAGA LESTARI | I57: KL- | J57: 15745313 | K57: 10598285
B58: =G58 -> MTA00101-10100059 | C58: =D58/2 -> 310540.48 | D58: =SUM(J58:K58) -> 621080.97 | G58: MTA00101-10100059 | H58: PT.ROYAL SUPERMARKET - PASIR PUTIH | I58: KL-INDAH | J58: 621080.97
B59: =G59 -> MTA00101-10100061 | C59: =D59/2 -> 11240986 | D59: =SUM(J59:K59) -> 22481972 | G59: MTA00101-10100061 | H59: CV.SEMBAKO MUSTAFA LESTARI | I59: KL-HALIMAH | J59: 19401973 | K59: 3079999.1
B60: =G60 -> MTA00101-10100062 | C60: =D60/2 -> 21022154 | D60: =SUM(J60:K60) -> 42044307 | G60: MTA00101-10100062 | H60: CV.DUTA SEMBAKO MAKMUR | I60: KL-HALIMAH | J60: 29445300 | K60: 12599008
B61: =G61 -> MTA00101-10100063 | C61: =D61/2 -> 8293377.4 | D61: =SUM(J61:K61) -> 16586755 | G61: MTA00101-10100063 | H61: SUPERMARKET GOGO | I61: KL-GOGO | J61: 6583513.7 | K61: 10003241
B62: =G62 -> MTA00101-10100064 | C62: =D62/2 -> 46080387 | D62: =SUM(J62:K62) -> 92160773 | G62: MTA00101-10100064 | H62: PT.TOP SERATUS SEJATI | I62: KL-TOP 100 | J62: 81782390 | K62: 10378383
B63: =G63 -> MTA00101-10100066 | C63: =D63/2 -> 11693962 | D63: =SUM(J63:K63) -> 23387923 | G63: MTA00101-10100066 | H63: SUPERMARKET GOGO | I63: KL-GOGO | J63: 8816662.8 | K63: 14571261
B64: =G64 -> MTA00101-10100060 | C64: =D64/2 -> 0 | D64: =SUM(J64:K64) -> 0 | G64: MTA00101-10100060 | H64: MM.ASEN | I64: KL- | J64: 0 | K64: 0
B65: =G65 -> MTA00101-10100008 | C65: =D65/2 -> 0 | D65: =SUM(J65:K65) -> 0 | G65: MTA00101-10100008 | H65: PT.RAMAYANA LESTARI SENTOSA. TBK | I65: KA-RAMAYANA | J65: 0 | K65: 0
C66: =D66/2 -> 1.1463871e+09 | D66: =SUM(J66:K66) -> 2.2927742e+09 | F66: Artha Jaya Semesta. PT Total | J66: 1.6084163e+09 | K66: 6.843579e+08

Sheet PVT_VICTORIA BY EXTENTION
G2: BODY LOTION 2025 | H2: BODY MIST 2025 | I2: EMULSION 2025 | J2: ESSENCE 2025 | K2: EXFOLIATING GEL 2025 | L2: FACIAL WASH 2025 | M2: MOISTURIZER 2025 | N2: PERFUME 2025 | O2: SABUN CAIR 2025 | P2: SABUN MANDI (144) 2025 | Q2: SABUN MANDI (72) 2025 | R2: SABUN MANDI (96) 2025 | S2: SABUN SCRUB 2025 | T2: SERUM 2025 | U2: SUNSCREEN 2025 | V2: Grand Total 2025 | W2: BODY LOTION 2024 | X2: BODY MIST 2024 | Y2: EMULSION 2024 | Z2: ESSENCE 2024 | AA2: EXFOLIATING GEL 2024 | AB2: FACIAL WASH 2024 | AC2: MOISTURIZER 2024 | AD2: PERFUME 2024 | AE2: SABUN CAIR 2024 | AF2: SABUN MANDI (144) 2024 | AG2: SABUN MANDI (72) 2024 | AH2: SABUN MANDI (96) 2024 | AI2: SABUN SCRUB 2024 | AJ2: SERUM 2024 | AK2: SUNSCREEN 2024 | AL2: Grand Total 2024 | AM2: GROWTH BODY LOTION | AN2: GROWTH BODY MIST | AO2: GROWTH EMULSION | AP2: GROWTH ESSENCE | AQ2: GROWTH EXFOLIATING GEL | AR2: GROWTH FACIAL WASH | AS2: GROWTH MOISTURIZER | AT2: GROWTH PERFUME | AU2: GROWTH SABUN CAIR | AV2: GROWTH SABUN MANDI (144) | AW2: GROWTH SABUN MANDI (72) | AX2: GROWTH SABUN MANDI (96) | AY2: GROWTH SABUN SCRUB | AZ2: GROWTH SERUM | BA2: GROWTH SUNSCREEN | BB2: GROWTH Grand Total
B3: Sum of amount | G3: 2025 | W3: 2024 | AM3: GROWTH
B4: account_name | C4: ID PELANGAN LAMA | D4: CUSTNO_DIST | E4: custname_DIST | F4: CustGroupDesc | G4: BODY LOTION 2025 | H4: BODY MIST 2025 | I4: EMULSION 2025 | J4: ESSENCE 2025 | K4: EXFOLIATING GEL 2025 | L4: FACIAL WASH 2025 | M4: MOISTURIZER 2025 | N4: PERFUME 2025 | O4: SABUN CAIR 2025 | P4: SABUN MANDI (144) 2025 | Q4: SABUN MANDI (72) 2025 | R4: SABUN MANDI (96) 2025 | S4: SABUN SCRUB 2025 | T4: SERUM 2025 | U4: SUNSCREEN 2025 | V4: Grand Total 2025 | W4: BODY LOTION 2024 | X4: BODY MIST 2024 | Y4: EMULSION 2024 | Z4: ESSENCE 2024 | AA4: EXFOLIATING GEL 2024 | AB4: FACIAL WASH 2024 | AC4: MOISTURIZER 2024 | AD4: PERFUME 2024 | AE4: SABUN CAIR 2024 | AF4: SABUN MANDI (144) 2024 | AG4: SABUN MANDI (72) 2024 | AH4: SABUN MANDI (96) 2024 | AI4: SABUN SCRUB 2024 | AJ4: SERUM 2024 | AK4: SUNSCREEN 2024 | AL4: Grand Total 2024 | AM4: GROWTH BODY LOTION | AN4: GROWTH BODY MIST | AO4: GROWTH EMULSION | AP4: GROWTH ESSENCE | AQ4: GROWTH EXFOLIATING GEL | AR4: GROWTH FACIAL WASH | AS4: GROWTH MOISTURIZER | AT4: GROWTH PERFUME | AU4: GROWTH SABUN CAIR | AV4: GROWTH SABUN MANDI (144) | AW4: GROWTH SABUN MANDI (72) | AX4: GROWTH SABUN MANDI (96) | AY4: GROWTH SABUN SCRUB | AZ4: GROWTH SERUM | BA4: GROWTH SUNSCREEN | BB4: GROWTH Grand Total
B5: Artha Jaya Semesta. PT | C5: MTB159 | D5: MTA00101-10100022 | E5: SPM.NEW VICTORIA AVIARI | F5: KL-VICTORIA | G5: 28182803 | H5: -27747.751 | I5: 121621.62 | J5: 183783.81 | K5: 3727389.3 | L5: 4014503.2 | M5: 729729.73 | N5: 0 | O5: 4.7384505e+08 | P5: 1.2376813e+08 | Q5: 8744496.5 | R5: 23355665 | S5: 40376193 | T5: 91891.905 | U5: 1739189.5 | V5: 7.0885269e+08 | W5: 35388366 | X5: 110991 | Y5: =0 -> 0 | Z5: =0 -> 0 | AA5: 3529911.7 | AB5: 4224594.9 | AC5: =0 -> 0 | AD5: =0 -> 0 | AE5: 4.9692086e+08 | AF5: 23334052 | AG5: 13410812 | AH5: 20064027 | AI5: 57618355 | AJ5: =0 -> 0 | AK5: =0 -> 0 | AL5: 6.5460197e+08 | AM5: =IFERROR(G5/W5-1,0) -> -0.20361389 | AN5: =IFERROR(H5/X5-1,0) -> -1.25 | AO5: =IFERROR(I5/Y5-1,0) -> 0 | AP5: =IFERROR(J5/Z5-1,0) -> 0 | AQ5: =IFERROR(K5/AA5-1,0) -> 0.055944054 | AR5: =IFERROR(L5/AB5-1,0) -> -0.049730619 | AS5: =IFERROR(M5/AC5-1,0) -> 0 | AT5: =IFERROR(N5/AD5-1,0) -> 0 | ... BB5: =IFERROR(V5/AL5-1,0) -> 0.082875901
B6: Artha Jaya Semesta. PT | C6: MTB234 | D6: MTA00101-10100034 | E6: CV.VICTORIA FANINDO | F6: KL-VICTORIA | G6: 19653790 | H6: 0 | I6: 243243.24 | J6: 367567.62 | K6: 887027.49 | L6: 5286935.3 | M6: 1824324.3 | N6: 1297297.5 | O6: 3.2141237e+08 | P6: 1.3993797e+08 | Q6: 12998907 | R6: 21475126 | S6: 20083232 | T6: 367567.62 | U6: 4031757.5 | V6: 5.4986711e+08 | W6: 20160534 | X6: 499459.5 | Y6: =0 -> 0 | Z6: =0 -> 0 | AA6: 1234054.2 | AB6: 2622162.4 | AC6: =0 -> 0 | AD6: =0 -> 0 | AE6: 2.6872386e+08 | AF6: 10835495 | AG6: 11780540 | AH6: 13716735 | AI6: 29522690 | AJ6: =0 -> 0 | AK6: =0 -> 0 | AL6: 3.5909552e+08 | AM6: =IFERROR(G6/W6-1,0) -> -0.025135417 | AN6: =IFERROR(H6/X6-1,0) -> -1 | AO6: =IFERROR(I6/Y6-1,0) -> 0 | AP6: =IFERROR(J6/Z6-1,0) -> 0 | AQ6: =IFERROR(K6/AA6-1,0) -> -0.28120867 | AR6: =IFERROR(L6/AB6-1,0) -> 1.0162501 | AS6: =IFERROR(M6/AC6-1,0) -> 0 | AT6: =IFERROR(N6/AD6-1,0) -> 0 | ... BB6: =IFERROR(V6/AL6-1,0) -> 0.53125582
B7: Artha Jaya Semesta. PT | C7: MTB249 | D7: MTA00101-10100036 | E7: MM.VICTORIA TIBAN | F7: KL-VICTORIA | G7: 5950181.1 | H7: 166486.51 | I7: 243243.24 | J7: 367567.62 | K7: 642252.59 | L7: 4917295.7 | M7: 1337837.8 | N7: 1297297.5 | O7: 1.344464e+08 | P7: 48943042 | Q7: 1460539.1 | R7: 7323871.1 | S7: 11407471 | T7: 490090.16 | U7: 2687838.3 | V7: 2.2168141e+08 | W7: 7190178.1 | X7: 665946 | Y7: =0 -> 0 | Z7: =0 -> 0 | AA7: 480270.06 | AB7: 2880000.2 | AC7: =0 -> 0 | AD7: =0 -> 0 | AE7: 1.7439127e+08 | AF7: 9006125.3 | AG7: 1174054.1 | AH7: 9188367.5 | AI7: 18085398 | AJ7: =0 -> 0 | AK7: =0 -> 0 | AL7: 2.2306161e+08 | AM7: =IFERROR(G7/W7-1,0) -> -0.17245707 | AN7: =IFERROR(H7/X7-1,0) -> -0.74999999 | AO7: =IFERROR(I7/Y7-1,0) -> 0 | AP7: =IFERROR(J7/Z7-1,0) -> 0 | AQ7: =IFERROR(K7/AA7-1,0) -> 0.33727385 | AR7: =IFERROR(L7/AB7-1,0) -> 0.7073942 | AS7: =IFERROR(M7/AC7-1,0) -> 0 | AT7: =IFERROR(N7/AD7-1,0) -> 0 | ... BB7: =IFERROR(V7/AL7-1,0) -> -0.0061875181
B8: Artha Jaya Semesta. PT | C8: MTB633 | D8: MTA00101-10100046 | E8: MM.NEW VICTORIA | F8: KL-VICTORIA | G8: 10034597 | H8: 0 | I8: 0 | J8: 0 | K8: 790540.92 | L8: 6415673.6 | M8: 1094594.6 | N8: 0 | O8: 2.2395524e+08 | P8: 1.1521283e+08 | Q8: 738374.87 | R8: 10134051 | S8: 20480348 | T8: 367567.62 | U8: 1106757 | V8: 3.9033057e+08 | W8: 11169186 | X8: =0 -> 0 | Y8: =0 -> 0 | Z8: =0 -> 0 | AA8: 366937.06 | AB8: 3038378.6 | AC8: =0 -> 0 | AD8: =0 -> 0 | AE8: 3.086448e+08 | AF8: 34668465 | AG8: 2521081.8 | AH8: 17902679 | AI8: 17109453 | AJ8: =0 -> 0 | AK8: =0 -> 0 | AL8: 3.9542098e+08 | AM8: =IFERROR(G8/W8-1,0) -> -0.10158207 | AN8: =IFERROR(H8/X8-1,0) -> 0 | AO8: =IFERROR(I8/Y8-1,0) -> 0 | AP8: =IFERROR(J8/Z8-1,0) -> 0 | AQ8: =IFERROR(K8/AA8-1,0) -> 1.1544319 | AR8: =IFERROR(L8/AB8-1,0) -> 1.1115451 | AS8: =IFERROR(M8/AC8-1,0) -> 0 | AT8: =IFERROR(N8/AD8-1,0) -> 0 | ... BB8: =IFERROR(V8/AL8-1,0) -> -0.012873397
B9: GRAND TOTAL | C9: ALL | D9: ALL | E9: ALL | F9: KL-VICTORIA | G9: 63821371 | H9: 138738.76 | I9: 608108.11 | J9: 918919.05 | K9: 6047210.3 | L9: 20634408 | M9: 4986486.5 | N9: 2594594.9 | O9: 1.153659e+09 | P9: 4.2786197e+08 | Q9: 23942317 | R9: 62288713 | S9: 92347244 | T9: 1317117.3 | U9: 9565542.3 | V9: 1.8707318e+09 | W9: 73908264 | X9: 1276396.5 | Y9: =0 -> 0 | Z9: =0 -> 0 | AA9: 5611173.1 | AB9: 12765136 | AC9: =0 -> 0 | AD9: =0 -> 0 | AE9: 1.2486808e+09 | AF9: 77844137 | AG9: 28886487 | AH9: 60871809 | AI9: 1.223359e+08 | AJ9: =0 -> 0 | AK9: =0 -> 0 | AL9: 1.6321801e+09 | AM9: =IFERROR(G9/W9-1,0) -> -0.13647855 | AN9: =IFERROR(H9/X9-1,0) -> -0.89130434 | AO9: =IFERROR(I9/Y9-1,0) -> 0 | AP9: =IFERROR(J9/Z9-1,0) -> 0 | AQ9: =IFERROR(K9/AA9-1,0) -> 0.077708742 | AR9: =IFERROR(L9/AB9-1,0) -> 0.61646593 | AS9: =IFERROR(M9/AC9-1,0) -> 0 | AT9: =IFERROR(N9/AD9-1,0) -> 0 | ... BB9: =IFERROR(V9/AL9-1,0) -> 0.14615526
B12: account_name | C12: (All) | H12: account_name | I12: (All) | N12: account_name | O12: (All) | T12: account_name | U12: (All)
B13: ID PELANGAN LAMA | C13: (All) | H13: ID PELANGAN LAMA | I13: (All) | N13: ID PELANGAN LAMA | O13: (All) | T13: ID PELANGAN LAMA | U13: (All)
B14: CustGroupDesc | C14: (All) | H14: CustGroupDesc | I14: (All) | N14: CustGroupDesc | O14: (All) | T14: CustGroupDesc | U14: (All)
D16: Values | J16: Values | P16: Values | V16: Values
B17: CUSTNO_DIST | C17: custname_DIST | D17: Sum of GROWTH Grand Total | E17: Sum of Grand Total 2025 | F17: Sum of Grand Total 2024 | H17: CUSTNO_DIST | I17: custname_DIST | J17: Sum of GROWTH BODY LOTION | K17: Sum of BODY LOTION 2025 | L17: Sum of BODY LOTION 2024 | N17: CUSTNO_DIST | O17: custname_DIST | P17: Sum of GROWTH SABUN CAIR | Q17: Sum of SABUN CAIR 2025 | R17: Sum of SABUN CAIR 2024 | T17: CUSTNO_DIST | U17: custname_DIST | V17: Sum of GROWTH SABUN SCRUB | W17: Sum of SABUN SCRUB 2025 | X17: Sum of SABUN SCRUB 2024
B18: ALL | C18: ALL | D18: 0.14615526 | E18: 1.8707318e+09 | F18: 1.6321801e+09 | H18: ALL | I18: ALL | J18: -0.13647855 | K18: 63821371 | L18: 73908264 | N18: ALL | O18: ALL | P18: -0.076097701 | Q18: 1.153659e+09 | R18: 1.2486808e+09 | T18: ALL | U18: ALL | V18: -0.2451337 | W18: 92347244 | X18: 1.223359e+08
B19: MTA00101-10100022 | C19: SPM.NEW VICTORIA AVIARI | D19: 0.082875901 | E19: 7.0885269e+08 | F19: 6.5460197e+08 | H19: MTA00101-10100022 | I19: SPM.NEW VICTORIA AVIARI | J19: -0.20361389 | K19: 28182803 | L19: 35388366 | N19: MTA00101-10100022 | O19: SPM.NEW VICTORIA AVIARI | P19: -0.046437599 | Q19: 4.7384505e+08 | R19: 4.9692086e+08 | T19: MTA00101-10100022 | U19: SPM.NEW VICTORIA AVIARI | V19: -0.29924773 | W19: 40376193 | X19: 57618355
B20: MTA00101-10100034 | C20: CV.VICTORIA FANINDO | D20: 0.53125582 | E20: 5.4986711e+08 | F20: 3.5909552e+08 | H20: MTA00101-10100034 | I20: CV.VICTORIA FANINDO | J20: -0.025135417 | K20: 19653790 | L20: 20160534 | N20: MTA00101-10100034 | O20: CV.VICTORIA FANINDO | P20: 0.19606935 | Q20: 3.2141237e+08 | R20: 2.6872386e+08 | T20: MTA00101-10100034 | U20: CV.VICTORIA FANINDO | V20: -0.31973571 | W20: 20083232 | X20: 29522690
B21: MTA00101-10100036 | C21: MM.VICTORIA TIBAN | D21: -0.0061875181 | E21: 2.2168141e+08 | F21: 2.2306161e+08 | H21: MTA00101-10100036 | I21: MM.VICTORIA TIBAN | J21: -0.17245707 | K21: 5950181.1 | L21: 7190178.1 | N21: MTA00101-10100036 | O21: MM.VICTORIA TIBAN | P21: -0.22905316 | Q21: 1.344464e+08 | R21: 1.7439127e+08 | T21: MTA00101-10100036 | U21: MM.VICTORIA TIBAN | V21: -0.36924412 | W21: 11407471 | X21: 18085398
B22: MTA00101-10100046 | C22: MM.NEW VICTORIA | D22: -0.012873397 | E22: 3.9033057e+08 | F22: 3.9542098e+08 | H22: MTA00101-10100046 | I22: MM.NEW VICTORIA | J22: -0.10158207 | K22: 10034597 | L22: 11169186 | N22: MTA00101-10100046 | O22: MM.NEW VICTORIA | P22: -0.27439168 | Q22: 2.2395524e+08 | R22: 3.086448e+08 | T22: MTA00101-10100046 | U22: MM.NEW VICTORIA | V22: 0.19701948 | W22: 20480348 | X22: 17109453
B23: Grand Total | D23: 0.74122607 | E23: 3.7414636e+09 | F23: 3.2643602e+09 | H23: Grand Total | J23: -0.63926699 | K23: 1.2764274e+08 | L23: 1.4781653e+08 | N23: Grand Total | P23: -0.42991079 | Q23: 2.3073181e+09 | R23: 2.4973616e+09 | T23: Grand Total | V23: -1.0363418 | W23: 1.8469449e+08 | X23: 2.4467179e+08
